xc_id,rating
191416,B
363720,B
493967,B
255240,A
246701,B
173232,B
136053,A
187637,B
250999,A
436660,B
139621,B
306946,A
310826,C
126481,B
320472,A
378429,A
190133,B
146191,B
112680,A
267729,A
326495,B
138055,A
168155,B
147918,B
419947,B
428282,B
453220,B
490934,A
448745,B
195572,A
133793,B
370490,A
74354,B
184214,B
278074,A
479473,B
123914,C
421305,B
407215,A
340601,C
366708,B
371412,B
189265,A
344095,A
325474,A
483628,A
420913,A
153707,A
306615,B
452553,B
290151,A
168753,B
323530,B
153526,B
378538,A
355192,A
179657,C
322200,B
138277,A
126462,A
243359,A
343928,A
165348,B
138159,B
389600,B
353046,A
188119,A
113834,A
267870,
490521,B
205869,A
463411,B
191476,B
172648,A
364559,A
437230,D
484161,A
355370,A
478436,B
130576,B
144228,D
217568,B
383314,D
466560,B
149387,A
141908,A
31038,A
284476,B
128948,B
482522,A
255053,C
322480,A
420397,A
322489,A
344144,A
323199,A
217843,A
381884,B
253455,A
161772,A
184964,B
265483,A
428496,A
52373,B
217841,A
469888,A
466349,B
122810,A
142595,A
163683,B
294519,B
190130,B
368291,A
494393,B
186367,A
417454,A
420032,A
138073,A
120855,B
460754,B
309926,A
364890,B
355254,B
334320,A
211322,B
122896,A
306948,A
146085,A
163989,A
282283,B
330689,A
213558,D
57385,A
479784,A
364685,A
179352,A
453112,A
119597,B
481933,A
496291,A
497703,A
419812,A
265138,B
468779,A
406332,B
141868,B
324411,A
251801,A
479929,A
367068,A
174939,B
195562,A
315780,A
318899,B
395278,A
407011,B
307016,B
324044,A
413557,B
178840,B
319723,A
324919,A
460830,B
268200,B
373906,A
178015,A
179098,B
376476,A
287785,B
303718,A
193425,A
420293,A
486531,A
440250,A
124416,B
165304,A
150365,A
381921,A
467021,A
269452,B
189296,B
457244,B
174075,A
255133,A
142626,A
160932,C
365227,B
160914,B
415057,A
31060,B
301673,A
134979,B
371884,B
133913,A
463506,A
382730,B
189276,A
279681,A
134691,B
217020,B
348142,A
181588,A
422417,B
147919,A
470668,B
132223,B
229932,A
317201,A
142218,B
185324,A
131033,B
416020,C
142065,A
179181,A
167934,B
176360,A
241646,B
132862,A
147530,B
255232,B
418560,B
407057,B
125168,A
396283,C
149225,A
301615,C
323212,A
478660,B
493543,B
173692,A
327797,A
370508,A
429262,A
315718,A
404966,A
120842,B
437576,A
351646,B
298451,B
313741,A
131959,A
394759,B
367708,A
142761,A
213566,B
326728,A
254068,B
408643,A
122822,A
500166,A
229922,B
188434,A
185183,B
253360,B
462127,A
17097,A
420730,A
307976,A
328794,A
236807,B
52986,A
464766,A
219347,B
358845,A
319431,B
138305,A
333959,B
352309,B
308803,C
321389,B
422011,A
425818,B
307857,A
428724,A
124976,B
351547,A
330578,A
388583,A
464670,A
185835,A
182933,B
141496,B
176655,B
187786,A
298011,A
54431,B
283471,A
323211,B
301686,A
275898,B
282296,A
453930,B
196109,B
31136,C
412723,B
317530,B
409818,C
185247,A
252731,A
299852,B
205267,A
169811,B
420838,A
206067,A
459444,B
429251,A
149393,A
421874,A
185539,B
210847,A
141671,B
163992,A
256362,B
325531,A
421300,B
187659,A
184962,B
138066,B
385796,C
155242,B
122553,A
268457,A
385783,C
481640,C
161134,A
348370,A
126440,B
168081,A
369972,A
376760,A
321046,B
240940,B
126430,A
254484,A
308804,B
464362,C
255252,A
420133,A
211200,A
282295,A
406260,A
123501,B
417423,B
218918,A
372602,B
195203,A
288696,B
467692,A
503268,A
390824,B
157768,B
189269,A
418152,A
294005,A
323243,A
182406,B
379002,B
141479,B
200034,D
439916,A
325494,A
479944,A
368496,A
465621,A
54461,B
377864,A
206124,A
479487,A
149732,B
391180,B
289174,A
356804,A
486980,A
206083,B
27165,A
252872,C
302520,B
165080,B
341849,A
179559,A
444037,B
452569,B
157509,B
323704,B
389431,A
465594,A
368006,D
369969,A
188509,A
451422,B
420818,B
164069,B
367697,B
133998,B
436043,B
197710,B
165018,B
383832,A
140128,B
278610,B
376033,A
311063,B
129803,A
317729,A
446458,A
490130,B
124962,B
323533,A
383963,A
227230,B
131569,A
296194,A
501715,B
192051,A
217806,B
163535,B
308308,B
253527,A
477032,A
289862,A
125094,A
500125,B
138273,A
312401,A
101591,C
420023,A
469011,A
381117,A
327807,A
255279,A
126634,A
177468,B
376224,A
479490,A
363445,B
288987,A
147476,A
139603,C
377142,A
313677,B
282294,A
324448,A
313904,B
420729,B
149413,B
122261,B
389104,A
388165,B
114264,B
325921,C
270182,A
286399,A
378266,C
299244,A
188508,A
419362,A
187783,A
197625,B
188832,A
128942,A
323235,A
421838,A
421948,A
434584,A
437593,A
310908,A
320423,B
313351,A
132250,A
493300,A
473436,A
217148,C
191063,A
210862,B
475933,A
367802,B
188159,A
350678,B
263483,A
221613,B
309923,A
362246,A
490385,B
331905,A
424381,A
449262,A
261109,A
134259,B
464676,A
476559,A
109900,A
121068,B
181477,B
143804,A
246336,B
266224,B
462770,C
325254,A
406186,B
258860,A
255145,A
202601,A
131565,A
382747,A
467710,A
353369,A
251800,B
250602,A
149630,B
400450,A
178134,A
320442,A
134185,B
153551,B
471778,A
139292,C
327666,A
204154,B
418262,B
217854,A
191550,B
161144,B
309995,A
313885,B
157598,B
348153,A
173277,B
444638,A
188545,B
445425,A
77573,B
158715,B
147751,C
164566,A
206092,B
152402,A
204703,B
414864,A
102969,A
135594,A
53700,B
219343,A
349470,D
309321,B
433031,D
445849,A
173261,B
478825,B
130571,A
298162,A
168092,A
184574,B
202291,B
155032,B
339889,B
136052,A
142770,A
495837,C
419366,A
188539,B
313159,A
188907,B
175997,B
112371,B
225311,B
132822,A
310005,A
109306,A
337069,A
348961,A
450763,B
310687,B
112579,B
127403,B
187152,C
233122,A
385394,A
235065,B
345282,B
293630,B
313512,A
282300,B
341521,B
169152,A
465907,A
246081,A
165326,A
309996,A
364150,B
389433,A
487421,B
288984,B
316235,A
139605,B
436230,A
461342,A
370755,A
365065,B
307295,A
205824,A
315284,B
162079,A
143795,A
335702,A
388148,B
153698,B
186312,A
470472,A
206152,B
205385,A
175542,B
294426,B
155243,B
219934,B
469311,A
420822,B
460351,A
486871,B
219357,B
233403,A
135918,A
341649,B
370541,B
476247,B
374030,A
452500,B
306352,A
313418,B
65765,A
394528,A
128490,A
138239,A
275901,A
172990,A
466985,B
294364,A
163615,A
129313,C
376180,A
256848,A
465045,C
124960,A
438206,C
205474,A
368594,A
191954,A
109612,B
336729,B
444622,A
296918,B
324746,C
475169,B
144600,A
185839,A
154218,C
484166,A
139881,B
173992,B
299479,B
125173,A
498895,C
368607,A
265456,B
389301,B
324820,C
381721,A
81951,B
389300,A
486870,B
124441,B
426250,A
445383,A
386256,B
208172,A
124433,A
497429,A
113822,A
221626,B
237290,A
326278,A
307688,B
187611,B
293808,A
137613,B
239504,A
380209,A
16971,B
328705,A
171655,B
391859,B
11493,B
166585,B
345873,A
173823,B
449502,B
349484,B
189286,A
309318,A
351076,A
161774,A
420887,A
138266,B
503191,A
182148,B
239844,B
141497,B
185735,B
167793,A
444719,B
293012,A
302413,A
256216,B
177037,B
390551,C
180747,A
251802,B
409609,A
113372,A
355248,B
468703,B
371803,A
332710,B
463860,A
501839,A
181750,A
324443,A
384290,B
419997,A
389252,A
486563,B
187607,B
420613,A
253302,A
205440,B
393023,B
145836,A
253387,C
190060,B
474990,A
321071,A
256196,B
282435,C
293914,A
174081,A
102960,B
178303,A
125095,B
353584,A
128237,A
247851,A
175541,A
119596,B
328792,B
265658,A
333385,B
263224,A
183364,B
476734,A
450536,B
480071,A
433813,B
422032,A
312610,B
339647,B
451717,B
16876,B
196471,B
341498,A
174510,B
236569,A
302538,B
335495,A
311852,B
459591,A
184951,B
207794,A
31100,B
138309,B
289049,B
304406,A
327741,A
149388,B
277800,B
383440,A
319404,A
360344,A
123159,A
297169,A
216386,B
121584,A
205543,A
205681,E
185734,C
495243,B
147059,B
192338,A
211356,A
185568,A
424053,A
382869,B
192054,B
374158,A
342368,A
139626,A
192055,B
127600,A
129076,A
380135,A
411392,A
235197,A
326403,A
140675,A
465730,B
78879,B
247864,B
265664,B
479768,D
314416,A
479786,A
104614,B
215993,B
188815,B
310827,C
418314,B
443464,A
308702,B
314434,A
411259,B
323447,A
155439,A
221628,B
351831,A
328188,B
309636,A
179718,A
179417,B
284490,B
149321,A
283538,B
422424,B
375516,A
135495,B
257593,B
185141,A
290281,B
466178,A
322595,A
265648,A
414892,B
186031,A
132897,B
476949,A
370242,A
209086,C
394111,B
167844,B
55758,B
177081,B
179316,A
293807,A
235918,B
263374,A
483443,A
126691,A
6670,A
330312,A
265295,B
179185,A
161133,B
265302,A
182680,B
389972,A
341850,A
449270,A
316666,B
132895,B
227869,B
469898,A
154259,D
188505,A
321631,B
301529,B
146287,B
428734,B
218994,A
188831,A
442324,C
386896,C
27173,A
131299,A
376028,A
282299,B
447437,A
428720,A
388495,B
414896,A
382858,A
165345,A
375267,A
385849,B
285491,A
293438,A
319606,A
401111,A
219331,A
182002,B
367693,C
420611,B
309697,A
324385,B
166613,A
236817,B
210898,B
449156,B
165335,A
168048,A
182072,B
255161,A
137721,A
161773,A
375275,A
368448,A
319369,A
416167,A
391611,B
170988,A
350463,A
408354,A
432885,A
189590,A
339645,A
265466,B
153404,A
388685,A
177222,A
362247,A
212930,B
264344,A
462907,A
173205,A
179505,B
445384,A
218821,B
332612,B
182079,B
319178,A
361106,A
192242,B
376468,A
132246,B
321497,A
469870,A
321394,B
294258,A
193662,A
418266,A
151103,A
371097,A
436930,C
325904,B
252960,B
479586,A
479778,A
395622,B
324795,B
438740,C
407930,A
166467,B
489429,A
285424,A
54459,B
275897,B
233343,B
465049,B
381584,A
70944,B
109939,A
137595,B
164760,A
187661,A
185323,A
269761,B
320670,B
165319,A
477368,A
433084,A
227404,B
347801,A
187233,B
416338,A
348807,A
341484,B
498246,D
113831,C
410513,B
77572,A
55021,B
256842,B
261402,B
178480,B
432969,B
178016,A
175254,A
485434,B
467715,B
503061,A
265044,B
467303,B
176261,B
420458,B
187262,B
333955,B
211330,B
328699,A
132257,B
435742,A
138059,B
351174,A
367008,A
479941,B
192523,A
130508,B
425834,B
124858,B
324105,A
260215,B
416745,A
308852,A
297439,B
188780,A
166092,A
378355,A
54302,A
469897,A
113968,A
412205,B
190061,C
116239,A
377868,A
313502,A
210903,B
193769,A
122816,A
208506,C
333999,B
286838,A
125237,B
393068,B
372762,B
350099,B
254481,A
192706,A
297450,A
161770,A
203709,A
205387,B
315704,B
333956,C
311060,A
256976,B
196263,A
252571,A
143797,B
418148,A
357660,A
161125,A
375281,A
321716,A
444035,B
382227,D
306327,B
467311,B
219351,B
378994,A
382863,B
110098,A
268755,A
363520,B
459335,A
186314,A
297477,A
385824,B
445842,B
453108,A
162027,B
483184,B
189688,A
169202,A
348139,A
452513,B
139462,B
182794,A
154449,B
266218,C
172439,B
205470,A
254556,A
260205,B
125077,A
135815,B
314892,A
184304,B
178529,A
365937,A
184950,B
369983,A
265143,B
277952,A
134507,A
265293,A
55019,B
321977,A
333620,B
324000,A
188353,A
350792,B
133569,B
254310,B
343878,A
417992,A
503475,A
328790,B
124969,A
180259,A
360273,B
456858,B
236929,B
224192,B
399567,B
217981,A
496713,
377732,A
141469,B
368065,A
177125,A
104527,A
147527,A
368786,B
429261,A
62779,B
343867,A
377860,B
315756,B
181316,A
444640,A
452058,B
288003,A
277091,A
332088,B
479918,A
148546,A
494244,A
135113,B
177988,A
276993,B
261108,A
320744,A
482033,B
337960,A
381871,B
420260,A
173541,B
172198,A
196689,A
282847,B
269775,B
306748,A
267723,A
476891,B
123306,A
310838,A
149098,B
382122,B
294720,B
185532,A
253400,B
210692,B
187609,B
388584,B
484159,A
155237,A
139729,B
174593,A
317903,B
355243,A
368855,A
269078,A
255137,A
468926,A
419038,A
232496,B
173820,A
138270,B
277742,A
289054,A
425113,B
304270,A
466192,A
126631,A
142632,A
234990,B
252004,A
70696,B
305597,A
156437,A
469889,A
167845,B
255646,A
469517,B
131088,A
348225,B
499538,B
133564,B
348151,A
377114,A
355246,B
139435,C
312377,C
482276,A
130990,B
173893,A
383292,A
134874,B
469328,A
328710,C
406261,B
205289,A
433238,B
131925,B
172997,B
341004,A
124889,B
256771,B
445757,A
361475,B
374044,D
236589,C
346489,D
489315,A
500165,A
418000,B
164759,A
135536,B
143793,A
138042,B
93427,B
324602,A
376182,A
319186,A
324103,A
324344,B
368495,A
229934,B
425081,A
179232,A
451433,A
316295,A
169159,A
99546,A
125081,A
190093,A
144338,A
244528,A
168257,B
189975,A
253847,B
486975,A
406265,B
312715,C
372858,B
201424,B
16985,A
501121,A
385810,A
224201,B
189598,A
322181,B
316041,A
124846,A
123347,A
120862,B
464999,A
145841,A
319686,B
132236,B
195593,A
377373,A
373484,B
360564,B
124410,A
156257,A
124517,A
203779,A
349068,A
450716,B
291616,B
256760,A
185829,A
399784,B
138307,A
180261,B
174937,B
194231,A
217851,A
173006,A
501246,A
466691,A
250582,C
466761,A
142585,A
183743,B
489341,A
306679,A
169175,B
27147,A
192419,B
417910,B
275899,B
353031,B
495827,B
143627,A
369982,A
196163,A
420911,A
345550,B
188140,A
418585,C
169200,B
473760,A
481122,A
180075,B
418144,B
113825,A
186686,A
467689,A
416134,A
179964,A
382856,B
109028,A
131954,B
124486,B
433077,A
196458,B
425104,B
466052,B
217942,A
149346,A
141480,B
156746,A
411463,A
125725,A
341120,B
142068,B
207797,A
479439,A
193661,A
483552,A
373511,B
381588,A
325117,A
255173,B
461651,A
179454,B
283422,A
135641,A
195604,A
367257,A
255245,B
227095,B
494351,D
475251,B
135650,A
369863,A
375055,B
389087,A
136051,A
178485,B
265518,B
142584,A
350806,B
193948,B
137823,B
179064,B
389498,A
333650,A
351751,B
196991,A
196463,B
188490,C
195419,A
377751,A
331041,A
355416,B
384076,A
149491,A
173160,B
389235,A
140231,B
337575,A
139929,B
504127,A
217802,B
101593,A
501261,B
210754,B
114086,B
320497,A
62791,A
316725,B
78877,A
283184,B
197287,B
265662,B
149417,A
488801,B
359424,B
173579,A
122914,A
436407,C
325270,A
370670,A
192423,A
359296,A
125772,A
451371,A
391090,A
313156,B
364681,A
259188,A
149633,B
170986,A
328805,A
402450,B
146375,A
497809,A
191466,A
144205,A
265310,B
154219,B
297402,B
173779,A
282286,B
137610,B
406334,B
320426,A
219952,B
265479,B
122824,A
187768,A
139628,A
268649,A
501255,A
247850,C
269763,A
188816,B
484160,A
354737,B
374571,A
55020,B
322769,A
195569,A
134188,B
184581,B
309999,A
495348,B
338178,A
114560,A
46690,A
246781,C
475957,A
451917,B
183588,A
361637,B
135816,A
328414,A
302130,B
344091,B
163416,A
144090,A
466609,A
406663,A
310003,A
140269,A
451238,B
137984,A
126480,A
125252,A
253665,A
163686,A
188493,A
283162,A
51758,B
325251,A
195544,A
370595,C
139638,A
269778,B
188376,B
287637,B
255165,A
321550,B
205796,A
181098,A
421272,A
248620,B
385681,B
319003,A
279721,A
370881,B
420412,A
301364,A
166094,B
268209,A
473431,A
253547,A
462624,C
298822,C
311866,A
124849,A
246974,B
373238,B
253963,C
407819,A
323248,A
327483,A
132239,A
502675,C
172405,A
309675,B
436986,A
142244,A
493886,A
234336,D
125971,B
407924,A
492116,B
502200,B
193148,A
351038,A
157457,B
256895,B
483969,A
178046,A
187503,A
418151,A
481067,B
265324,A
254464,A
139990,A
181496,A
227350,B
197673,B
113799,A
277529,B
149731,C
466430,A
345561,B
367272,B
172939,A
289159,A
137572,A
317207,B
467022,A
207805,A
413326,B
234576,A
195542,A
125183,B
368295,A
297686,A
302772,B
191985,A
350769,B
421777,A
473410,A
464442,A
184357,A
190805,B
501248,A
181454,A
479486,A
486873,B
237806,B
31017,B
101612,B
379159,B
445186,A
208503,B
177064,B
114401,A
492938,C
244591,B
475100,A
188123,A
357028,A
208363,C
141460,A
135071,B
173715,A
169158,A
123291,A
148227,A
373968,B
70109,A
494418,A
361004,A
182071,B
379470,A
464765,A
453103,B
137103,C
143410,A
375515,A
114667,A
233431,B
406330,A
479782,A
160906,A
321375,A
495823,B
302540,A
147344,A
321768,B
189406,A
192250,A
213233,A
461255,B
347798,A
420909,B
321927,A
418664,A
416447,A
264711,A
147186,A
349769,B
376784,A
299734,A
319706,A
312712,B
380526,A
247525,A
195560,A
211323,B
479792,A
469605,A
17044,C
191448,A
395657,A
17110,A
350758,A
189075,A
450707,A
126441,A
420998,B
116589,B
373791,A
134499,A
418350,A
386895,B
376219,A
385843,A
322478,A
324102,A
301214,A
434587,B
118163,A
399710,A
31349,A
137646,B
31137,C
285407,B
127002,A
342985,A
144869,C
420610,B
16875,A
135546,B
319181,B
476560,A
321208,B
196703,B
454617,B
248009,B
122814,A
246226,B
353028,A
144672,A
82760,A
317090,A
348133,A
176408,B
358508,B
196110,B
132816,B
469536,B
368801,B
141314,A
181749,A
143939,D
109666,B
176359,B
190358,A
292471,C
494258,C
180091,B
363216,B
323975,A
418326,A
215712,B
114550,A
227972,B
175222,A
368614,A
474615,B
488173,B
265655,A
169236,B
395015,B
388164,B
129782,A
169082,A
149941,B
144680,A
417975,A
133916,B
383960,A
289164,A
219349,A
452796,A
205394,A
476567,A
481207,A
102962,A
139965,A
105131,A
306937,A
140975,D
368856,A
142582,B
179469,B
437545,B
139056,B
212912,A
466418,A
421304,A
501254,A
319843,A
237843,A
293818,A
420910,A
383941,A
473449,A
348959,A
227425,B
173694,B
293859,B
263270,A
451388,A
125093,A
140134,A
192310,B
251804,B
217289,A
451372,A
449571,B
288338,A
153178,B
301614,B
375524,B
122806,A
112926,B
189412,B
132226,C
351078,A
146203,B
164112,A
348110,A
255310,A
406538,B
240215,A
184175,B
457114,B
412331,A
416793,B
320846,B
479504,B
139892,B
306387,A
352840,B
164258,A
481942,B
382742,B
500927,A
122442,A
472344,A
486978,A
307817,A
389090,B
125069,A
145560,A
169083,B
370922,B
129886,C
313278,B
483717,B
420943,B
125584,B
433223,A
279588,C
328175,B
184930,A
178943,B
440853,B
233342,A
359388,B
247945,B
131957,A
456243,B
366707,B
293328,B
179812,A
385298,A
368494,B
62792,B
173773,A
211633,A
145839,B
64537,B
174837,B
225795,A
318014,A
138040,B
412041,A
53699,B
381592,A
272326,B
172448,A
138610,A
467620,B
453070,B
277699,B
178317,A
205972,C
420888,C
124963,A
319722,B
416327,A
188601,A
430015,B
149942,A
321934,A
221629,B
418328,A
486869,B
337933,A
181417,A
316533,B
313532,B
499252,
410560,B
179656,A
306356,B
321973,A
412683,A
149407,A
125001,A
145611,C
413193,B
449575,A
265075,B
450899,A
482700,A
197679,B
213700,B
324384,A
172404,B
184970,C
263260,A
407859,A
124762,B
297982,C
256914,A
479785,A
164063,A
388134,C
316630,A
496082,C
237743,B
478828,B
139086,A
268207,A
202855,B
138481,B
420476,A
177501,A
191963,B
362472,B
438092,A
304859,B
296170,B
433083,A
269783,B
342678,B
390940,A
458997,A
315278,B
243431,C
490936,C
114666,A
212929,B
236533,B
291925,B
172934,B
157765,A
154302,B
195920,A
290036,A
350433,B
324991,A
48065,A
342554,A
142183,C
172967,A
253334,B
494938,A
347191,A
190956,B
325097,A
424791,A
187258,B
375065,A
313277,B
179789,A
51759,B
323998,A
173713,B
386589,A
483021,A
368514,A
265487,B
163991,A
384916,B
179584,A
336957,B
315091,A
165366,B
485307,C
320720,B
252006,A
399942,A
459773,A
465052,A
498947,A
338806,B
327806,A
189686,A
188822,A
400435,B
125399,B
420916,A
388612,B
292596,C
188445,A
31189,B
137527,B
412644,A
351422,B
460787,B
311716,A
109301,A
240410,A
373499,B
265641,A
376423,A
270097,A
446455,A
371788,A
225350,A
244527,A
467635,A
283690,A
447701,A
378415,A
179591,A
173781,B
142760,A
267988,B
143801,A
324718,B
381927,B
384609,A
388698,B
155359,B
190053,A
425985,A
265482,B
256452,B
129801,B
461240,A
179728,A
411261,C
137714,A
205989,A
297303,B
467313,A
283765,B
450999,A
233341,A
255166,A
169186,B
11582,B
169019,B
321383,A
248007,A
390106,A
143407,A
283475,A
318002,D
421264,A
172811,A
419808,A
349161,B
195200,B
382347,A
205982,A
332640,B
277198,C
425393,A
370504,A
134519,A
461251,B
191417,B
374601,A
381598,A
368775,A
168007,B
153552,B
415889,A
194085,A
421836,A
164764,B
124847,C
448753,A
363867,B
155236,A
461299,C
323823,B
124973,B
283368,B
173998,B
374031,A
305135,B
131882,A
135713,B
195313,A
164065,A
177262,B
428726,A
141757,A
213564,C
375507,A
148566,C
254323,B
190939,B
303989,A
266834,B
282843,B
417605,A
320419,A
465390,A
312752,A
492939,C
246428,A
368497,B
269513,A
121435,C
113805,A
394529,A
325907,C
255128,A
130974,B
53695,B
114551,A
257130,B
17095,B
139057,B
141458,B
195545,A
252941,A
212099,A
467691,A
181478,B
377068,A
383948,A
327795,A
311850,B
381542,A
501231,A
206329,A
437370,B
400542,A
318331,B
216784,B
390185,B
436662,A
250587,C
309994,A
369989,A
182708,A
306358,B
367800,A
319514,B
307211,A
499365,A
355242,A
294256,B
261334,A
479791,A
317007,B
146201,A
322491,A
279568,B
368961,B
492745,A
476309,A
319444,A
287303,B
351969,A
309890,A
466408,A
297306,B
371447,B
179479,A
148697,B
2628,B
373802,D
313871,B
139840,B
278824,A
125078,A
173172,A
312376,A
184642,A
493360,B
318884,B
320484,A
368461,B
131637,B
135673,A
389693,C
152586,A
330441,B
190057,A
138140,B
313469,B
368288,A
347955,B
348830,B
164565,B
321970,A
500164,A
283618,A
319660,B
306935,A
428721,A
466919,B
379049,B
174378,B
370857,B
310688,A
503419,A
315101,A
132229,B
460761,B
479788,B
189301,B
131408,B
263756,A
131562,B
375909,B
451300,A
187564,A
263187,A
363864,B
317955,A
296495,A
331711,A
295793,A
129353,C
157604,B
309534,A
504696,A
101589,B
357030,A
445185,A
218936,B
178010,A
192422,A
395423,B
329041,A
406326,A
287646,A
184465,A
475039,B
407644,B
440957,B
482569,B
284249,B
326857,A
412909,D
383434,B
125176,A
408506,B
172443,B
294126,A
270084,C
175226,A
178054,A
370500,A
190098,B
253331,A
135455,B
174079,A
401114,A
196164,A
311563,A
290041,B
182699,A
379014,A
219945,B
109034,A
308575,B
141315,B
183198,A
187409,A
148567,B
430786,B
210516,C
483713,A
217932,A
109035,A
501578,A
465623,A
318365,A
468461,A
134868,B
323488,B
343079,A
122820,A
265409,B
488454,A
313533,B
135085,B
416059,A
126475,A
253833,A
120869,B
179305,A
164758,A
253921,B
358881,B
458424,B
142182,B
472269,A
105133,A
452609,A
265312,B
442962,B
287459,B
493544,D
263377,A
279723,A
189592,B
47217,A
365740,B
362113,B
351540,A
252369,A
421848,B
267288,B
494579,B
475742,A
181737,A
178165,B
269453,B
325133,A
487479,A
293013,A
315310,A
181181,C
446576,B
452507,B
351633,A
315294,B
361921,B
420534,A
482293,A
268202,C
502172,B
206099,A
177478,B
418309,B
446635,A
138282,A
179086,B
181182,C
189058,A
426251,B
184988,A
489162,A
322492,A
320564,A
304426,A
122455,A
425822,B
319143,A
382123,A
420250,B
461253,B
186660,A
189596,A
198400,B
52463,E
164259,A
377112,B
243580,B
465402,A
192730,A
343081,B
145787,A
206154,A
189043,B
322481,A
183609,B
195618,A
320480,A
142596,A
475428,A
469347,A
302418,A
349495,B
269776,B
265634,A
317730,B
216437,B
451209,A
467703,B
134886,A
219950,A
131800,A
173257,B
192528,A
404628,C
469110,A
338491,B
302411,B
152279,C
282842,B
364595,B
345874,A
451349,A
391162,A
192078,A
373500,B
311712,A
216641,B
149411,A
256731,B
195603,A
145837,A
187265,B
490199,A
261351,B
277339,A
386587,B
122895,A
413799,A
395414,B
377560,A
122908,A
353551,B
145883,B
71728,B
188396,A
389900,A
324947,A
377874,A
190944,A
206201,B
388836,B
400987,B
224197,B
375643,A
191056,D
256580,B
137659,A
124845,B
333615,B
323257,A
307098,A
433108,A
162291,A
307795,A
293618,A
325228,A
332762,B
416122,B
373480,B
476104,A
481214,C
133319,B
155240,B
172878,A
355418,B
145938,A
482287,A
164062,A
343930,B
293439,A
317544,B
297257,A
239645,B
419360,A
189055,B
383958,B
493595,A
317594,A
54769,A
234332,B
324863,no score
168012,B
497623,B
339651,C
152476,C
357023,C
314452,B
167910,B
110384,A
124523,B
420220,A
188375,A
448732,A
494255,C
218146,A
389095,B
177059,B
133995,B
447363,A
393278,A
351075,A
225792,B
124512,A
123997,A
324996,A
325098,A
295476,B
192016,A
161596,B
161825,A
296463,B
217911,A
327671,B
315295,B
188041,A
190066,B
189416,A
492384,B
375343,A
120863,B
134869,A
260191,A
152837,A
310951,C
347881,C
373449,B
306929,B
132865,B
177191,B
237342,B
161662,B
189381,A
370243,A
292765,B
504295,B
263188,A
153654,A
165285,A
206081,A
52991,A
421271,A
442212,A
120514,B
130525,B
79972,A
317296,A
109192,A
485506,B
371064,A
263347,A
396364,B
141919,B
327255,A
225762,B
168578,A
272153,B
383436,B
471299,A
192059,A
253317,A
110314,A
324998,A
473424,A
132840,A
175998,B
123617,A
371042,B
355403,B
134872,A
347961,B
157458,B
192306,A
371783,A
295741,D
444946,A
413729,A
109190,A
500667,A
254458,A
375067,B
54611,A
178127,B
321391,A
386255,B
191962,B
420269,A
185193,A
17154,B
466428,B
181383,A
290064,A
257563,A
111144,B
283608,A
394387,A
331327,A
135498,A
196112,B
205801,B
255820,B
502389,B
319439,A
503885,C
188931,B
57384,A
185844,A
394384,A
477046,A
360977,A
366697,A
125190,A
293916,B
378417,A
364635,A
277707,A
476815,B
177097,B
321786,B
157773,B
173283,A
408641,A
299111,C
190116,B
46669,A
418027,B
140127,B
293615,B
195422,A
172892,B
453028,A
263186,A
376284,A
253809,B
284680,B
298971,B
282284,B
449268,A
165004,A
293449,A
309624,A
109599,B
124856,B
213435,B
442957,A
26967,A
155241,B
268216,A
406187,A
225789,B
376790,B
325005,A
427254,B
361016,C
323888,B
125002,A
205439,B
432887,A
188446,A
312332,B
353035,A
135651,B
436507,A
315359,A
263182,B
180225,B
178762,B
381570,A
379323,A
373844,A
385206,A
267735,A
389982,B
188444,A
302322,A
323203,B
410054,A
318853,A
439905,A
380169,A
172746,B
297296,B
296725,B
135118,B
369875,A
247775,B
135444,C
448812,A
169212,B
296661,A
320485,A
265493,B
436943,A
109668,A
333998,B
120861,A
368637,C
251808,B
366889,B
28446,C
135639,A
362498,B
124504,B
193776,A
109162,A
127624,B
350756,B
302198,B
182705,A
363868,A
326404,A
486976,A
205937,A
322292,A
480679,A
188163,A
429257,A
479590,A
286377,B
174698,B
450715,A
184994,C
302250,A
452540,B
129646,A
164606,B
421857,A
419364,A
371687,A
193656,A
292088,B
416925,A
490928,B
190065,B
360973,A
370491,C
51411,B
350269,B
132871,A
256200,B
169145,A
448573,A
318693,A
290155,B
161776,A
192339,B
256984,A
52364,C
265481,B
182768,A
322512,C
172938,A
417999,A
312751,B
195599,A
388604,A
183576,A
381390,A
495418,A
277989,A
309814,A
313879,B
202027,B
310002,A
494386,A
193149,A
301851,A
500671,A
337704,A
138298,B
277882,C
318753,A
360825,A
308573,B
173276,B
182565,A
179576,B
337567,A
361015,A
313680,B
253664,B
372202,B
467310,B
291152,B
233727,B
321882,A
451678,B
55062,A
299851,B
140988,B
248008,A
247862,C
396362,B
321212,A
381925,B
177384,A
177089,B
217784,B
381923,A
265299,B
407824,A
134622,B
335242,A
479799,A
190097,B
381700,A
378922,A
327673,A
479927,A
189601,A
173170,B
301671,A
135655,B
302416,A
460580,B
138011,A
462125,A
54610,A
323694,A
321837,A
189076,A
456917,A
135477,B
124068,A
216665,B
149494,B
308580,B
320711,A
209604,A
251995,B
381798,A
370754,A
292258,A
451445,A
182674,B
482274,A
315755,B
466479,A
429266,A
304273,A
197313,B
255319,B
466797,B
367004,A
388493,B
127039,C
188668,A
54018,A
135075,B
395011,B
215342,A
187475,A
192804,A
265647,A
500347,A
468800,A
486846,A
483622,C
293816,A
391553,B
192753,B
152404,A
188127,B
307003,B
347355,A
413556,B
291051,C
132926,A
252963,B
140260,A
317266,A
378596,A
217071,A
394835,A
428425,A
328542,A
225788,B
441896,B
405617,A
381075,A
390105,B
449567,B
384942,A
483625,A
455051,A
217809,B
168619,A
324355,A
452603,B
125486,B
368539,B
303572,C
166085,A
132256,B
475291,B
469351,A
293813,A
365736,B
333902,B
195804,A
451881,A
373765,B
380761,A
173167,B
495824,B
147301,A
122924,A
393129,B
164299,B
137764,A
192521,A
109855,A
235952,A
317831,A
460366,A
413795,A
179661,A
138639,B
286962,B
370382,A
451394,A
449572,A
371790,A
244505,A
305061,A
171645,A
477175,A
187230,A
261400,A
165408,B
494421,B
278986,C
313353,B
391178,B
101584,A
167989,A
321076,B
181408,B
314874,A
170239,A
171202,B
492966,B
263785,A
179351,A
451211,A
309813,A
401161,A
31134,A
197308,A
381495,B
190562,A
177481,B
134521,A
232512,A
158368,A
108499,B
351292,B
186030,C
120607,B
326771,B
322758,B
323302,B
178546,A
317019,A
113900,A
210551,B
430476,A
375829,B
169084,B
291403,B
319406,B
168011,B
160912,A
62793,B
172491,A
185848,A
164204,B
130939,B
306692,A
495820,A
444593,A
429022,A
348305,A
278099,A
390512,A
168195,B
277609,A
483878,A
351631,A
321902,A
493268,A
443468,B
149631,B
351288,A
135442,C
149439,A
168046,A
178123,A
153561,A
455607,A
174080,A
405192,A
317862,A
146149,B
199574,B
191415,B
248006,A
143802,A
395088,B
157622,B
381710,A
233159,A
323201,A
174824,B
345556,E
148223,A
132864,A
213955,A
153864,B
323208,B
420980,B
312321,B
126446,A
153696,A
247838,A
129073,B
113808,A
313778,B
253361,A
217072,A
320341,A
138706,B
348374,A
180074,B
139091,B
314127,C
246426,A
486798,A
208934,A
113616,B
293823,A
366699,A
322771,A
449492,A
277107,A
323943,A
294460,A
253704,B
217982,A
378424,A
113144,B
289807,A
363862,A
219043,A
62943,B
179727,A
328021,B
351287,A
142329,B
181589,A
168057,A
259620,B
54460,B
163627,A
399844,B
350667,A
253386,A
421281,B
197306,A
496766,A
502024,A
182546,B
482642,A
375510,A
183355,A
332328,A
315410,A
163851,D
355402,B
190117,B
267559,B
425019,A
126657,A
255144,B
448944,B
132924,A
328702,A
329037,B
417168,A
416554,A
209698,B
193134,A
142067,B
388124,A
142066,B
495417,B
450530,B
345559,B
209760,B
168041,B
490938,A
373655,B
502047,A
138300,A
77881,A
177295,B
380121,B
319663,A
476931,A
177349,A
325473,A
360684,B
349814,A
165398,C
169792,C
371062,A
483719,B
167435,B
341647,B
183224,A
481123,A
452755,B
291327,A
173574,A
102287,B
436648,B
345779,A
202749,B
125178,A
291964,A
167977,B
135457,B
274907,B
268458,A
217786,B
414895,B
296409,A
164763,B
325243,A
141494,B
195889,B
254960,A
290146,A
132661,B
492138,B
321290,B
444036,B
110127,B
375513,A
282972,B
320440,A
484400,B
288983,A
193150,A
247308,A
291933,A
149482,B
475248,B
382084,B
253947,A
283951,B
31188,B
291876,A
262960,A
325658,A
328851,A
380626,B
398642,B
462031,A
252931,A
124591,A
385507,C
293616,A
317152,B
359376,A
131641,A
184696,B
405771,B
234614,C
284487,C
261107,A
155239,B
135440,B
195312,B
378685,A
325524,A
466898,B
255132,A
474984,B
247835,B
481935,A
175364,A
178942,A
116374,A
462421,B
141440,A
330469,B
380033,B
137640,B
163618,B
487430,B
318283,A
347184,A
293863,B
211326,A
371479,B
420585,A
479793,B
318490,A
199663,B
124411,B
188122,A
306111,C
251811,A
312711,B
292296,B
327576,A
110121,A
137738,A
197806,B
206096,A
312730,B
196755,A
187663,B
429255,A
125240,B
182735,A
426246,A
475136,B
167826,B
448778,A
137739,A
31037,A
233975,B
141461,A
314417,A
219940,B
163783,A
126474,A
337569,A
313309,A
139644,B
504196,A
190135,A
130511,B
109026,A
324866,B
388596,A
288993,B
269503,A
360260,B
390606,B
368639,A
233332,A
179504,B
311858,B
179782,A
306680,A
255636,A
178052,A
345563,B
314840,A
109606,B
233384,B
483820,A
451738,A
384526,A
318018,B
216075,B
291324,A
217930,A
482209,A
479770,A
375868,A
217783,B
169227,B
343876,A
475102,A
171844,B
358705,B
187766,B
189808,A
495835,B
191418,B
134994,A
453109,A
319430,B
390602,A
130973,B
189044,A
320376,A
149405,A
297333,A
185831,A
188824,A
46614,B
305762,B
190055,A
172875,A
167857,C
413030,A
374074,A
217211,B
165471,B
488232,A
483739,A
389295,B
177305,B
139166,B
378354,A
187481,A
400968,B
173497,A
149401,B
325520,A
476270,A
451446,B
467716,B
336029,B
253384,B
179588,B
319177,A
164228,C
473321,A
139736,A
171853,B
302553,B
246430,A
184517,B
293822,B
172622,A
436283,C
210553,B
139092,A
277334,A
393734,B
134504,A
481936,A
174076,A
125013,B
206125,A
192747,B
420267,A
141459,A
466313,A
294124,A
112500,B
254456,A
253589,A
482843,A
308401,A
302414,A
319516,B
135646,B
179676,B
189589,A
327904,A
486219,A
378357,A
381411,B
124634,B
294367,A
314875,A
141898,B
313106,B
483735,A
161769,A
122922,A
376298,A
289859,A
135116,B
113829,B
330314,B
347959,A
122827,A
348693,B
227730,B
175543,B
125916,B
348803,A
376422,A
154310,B
304180,B
451392,A
265458,B
287635,A
114345,A
181752,A
124312,A
131956,A
368728,B
298100,B
179640,A
185118,B
189415,A
267733,A
448735,A
219139,A
123405,A
391554,A
290140,A
196262,B
436820,C
363996,A
348819,A
286946,A
309194,B
190941,B
423324,A
502062,B
495471,A
314843,B
247849,B
324953,A
323308,B
475289,A
314839,B
142681,A
169211,A
256543,A
314950,B
305136,A
243991,B
336667,B
501262,A
467695,A
195781,A
171695,B
389303,A
479939,A
382039,B
124526,A
478421,A
325267,A
139436,C
380168,A
185570,A
131091,A
135922,A
483740,A
327045,C
302446,B
496416,B
325587,A
433107,A
331421,B
333969,B
323979,A
131952,B
189062,A
330691,A
190932,A
466256,
478028,B
288443,C
384033,A
193111,A
211129,B
110119,A
302646,A
114556,A
164229,B
170089,A
190054,A
139880,B
177152,B
188913,B
182675,A
135620,A
321937,A
493424,B
452151,B
172400,A
322614,A
186366,A
157431,C
472345,A
371066,A
235682,B
482289,A
179631,A
157886,A
374638,B
320371,A
420882,A
244383,C
129781,A
161812,A
138153,B
485873,B
157690,B
316436,B
178547,B
135072,A
471298,A
155238,A
181484,B
134511,A
111150,A
377871,A
135703,B
126451,A
486786,B
123618,A
282297,B
283359,A
181907,B
375012,B
253946,A
335640,B
381590,A
325810,B
120515,B
138637,B
236563,B
348361,A
164762,B
361744,A
156767,A
487484,A
359385,B
357943,A
125481,A
197302,A
244578,C
26970,A
383901,A
353378,A
213220,B
376566,A
348367,A
189298,A
169597,A
335701,A
16967,B
165327,A
406008,A
416084,A
333285,A
31025,B
441200,A
197260,A
464147,A
297504,A
184891,B
429250,A
325521,A
156822,B
404725,B
298757,A
444672,B
394758,B
302564,A
434854,B
494387,A
361817,A
315084,A
426200,A
469581,A
388420,A
126460,B
173197,B
390608,A
132258,C
323406,A
371476,B
236561,A
124413,B
411389,A
135329,A
476576,B
308017,C
175259,A
241104,A
37674,B
293817,B
501838,A
254549,A
330577,B
179175,B
164058,A
176681,A
288989,A
487410,B
122918,A
177303,A
394519,A
451031,B
135456,B
180061,A
371800,A
480256,A
247803,B
383831,A
483030,B
211327,A
382506,A
384027,A
356489,A
381594,A
428719,A
197261,A
290042,B
430463,A
132251,C
196044,C
124497,B
112830,A
323236,A
499796,A
451298,A
421839,A
479933,A
137561,B
165321,A
314198,D
390604,B
209320,C
265052,B
390131,B
362437,B
450764,B
424139,A
149383,A
373249,B
323626,A
457111,A
315753,A
433090,A
466697,A
189045,B
149218,A
293291,A
371812,A
255302,A
483199,C
459058,B
464398,B
146190,A
350464,A
190958,B
315152,C
149412,A
254478,A
110057,B
169249,A
417141,A
377878,A
488722,A
265651,B
318680,A
465733,B
149190,C
473230,A
362489,B
109937,A
138241,A
383849,A
135593,B
456644,A
442358,A
265292,A
424786,A
346231,A
206056,C
473567,B
424140,A
147475,B
173577,A
187328,A
477979,A
124510,A
181523,A
486322,A
395565,B
168631,A
168794,A
189982,A
370944,D
105134,A
236540,B
193130,A
371090,A
210852,A
189267,B
418321,A
143409,A
11846,A
64373,C
152797,B
404314,A
394524,A
342386,A
451353,B
125753,B
312457,B
298046,B
213774,A
205423,A
492964,B
167820,A
246799,A
195314,A
339897,A
419729,A
338028,A
350672,B
418342,A
452159,B
413129,A
265640,A
472258,B
254477,A
195835,A
256738,B
492126,A
368277,B
130976,B
193159,A
466335,B
337935,A
194087,B
156777,B
161306,A
205391,A
298777,A
291322,A
320258,C
351829,A
351791,A
503270,B
460588,A
324059,A
217811,B
265366,A
255241,B
347895,A
342276,A
198392,C
52327,B
345553,B
475075,A
196268,A
268462,A
149483,A
272305,A
123896,A
387173,C
482213,A
179708,A
459985,A
143800,A
62780,B
193767,A
298623,B
125236,B
174834,B
432933,B
466690,A
309326,B
211193,B
313478,B
460989,A
109040,A
466698,A
451864,B
259523,B
377737,B
305875,A
190931,A
120731,A
153405,A
417875,B
154306,A
270189,A
26966,A
414557,A
389091,A
331735,B
357666,B
344964,B
315602,A
116983,B
316006,C
210897,A
195202,B
385798,B
268856,A
466756,B
382040,B
255294,B
414866,B
489334,A
115938,A
481136,A
143306,B
181223,C
158532,B
299109,C
451027,B
406333,B
192525,A
173884,B
178548,B
161422,C
381578,A
177187,B
379015,A
235781,B
259189,A
370947,A
135446,C
312034,A
184996,B
190934,A
423449,A
291617,B
255249,B
488233,A
480926,A
374043,B
479870,A
349777,C
325350,A
324402,B
407827,B
465046,B
149386,A
453797,B
375494,B
256850,A
331558,B
179635,B
374107,A
448090,B
297284,A
189300,B
277943,D
308805,B
420819,A
124508,A
375280,A
302550,A
349160,B
320493,A
384635,A
188340,A
160910,A
370862,A
134018,B
313679,B
134514,A
468380,A
219948,A
184459,A
187620,B
331481,A
412707,A
217613,A
453934,A
196751,B
398641,B
255258,A
135663,B
161771,A
488735,A
227148,B
364821,A
369976,A
132219,A
452536,A
420274,A
135883,B
292472,E
265488,B
52325,B
131643,B
323453,A
297170,A
317542,B
206088,C
381698,A
320560,A
407931,C
181400,A
453907,B
236586,A
188086,B
263180,B
210896,B
370746,A
490367,A
376227,A
196664,A
330443,B
327512,B
130473,C
73459,B
51779,B
469529,A
130972,B
131452,A
124842,C
162563,A
302645,B
394523,A
123304,B
482207,A
189295,B
325712,A
466562,B
217847,A
118320,A
445844,B
188671,A
350726,A
253521,A
418316,B
344162,B
187645,A
452779,A
82755,A
138063,A
503186,B
369987,B
123616,A
132349,B
234521,A
58488,D
63311,B
351966,A
322596,A
205822,A
451006,B
385814,B
253133,A
338429,A
420717,B
175232,A
181473,A
452059,A
185240,A
406009,A
252401,A
351041,A
139481,A
139294,B
346425,C
109607,B
163385,A
330442,B
433434,B
77878,B
135499,A
428670,A
466314,A
396159,B
406523,B
206077,A
182692,B
189305,A
136024,A
205433,A
115945,A
490201,A
77876,A
78890,B
224189,B
297304,B
421003,B
164584,A
264712,A
140466,A
188131,B
451901,A
301093,A
167653,B
147347,B
338711,B
225793,A
194508,A
225796,A
205468,B
127130,B
185285,B
77883,C
433433,A
265630,A
135136,A
146197,B
252838,A
153847,B
292274,C
293806,A
315866,B
142592,A
370487,A
417550,A
133794,B
379052,A
461305,B
469757,A
410119,A
371048,A
335891,A
489328,A
500498,C
310900,B
293300,B
416295,A
467891,C
205836,A
126447,A
163777,B
455035,A
313387,B
149414,B
328796,B
381423,A
135086,B
387811,C
315277,B
361746,A
31132,A
169208,A
147532,B
501835,A
405237,A
165280,A
447419,A
254455,A
301152,B
464580,A
205870,A
347354,A
245893,B
348156,B
477131,A
397775,A
178124,A
349960,B
260187,B
382126,A
217070,A
247801,B
135115,B
168583,A
205288,A
109033,A
126459,A
451374,A
495066,A
31023,A
153417,B
469599,A
139055,B
450704,A
338204,A
317295,A
429248,A
319145,A
164526,B
141470,A
500121,A
181621,A
138311,A
184519,A
206078,A
187504,B
168037,B
246756,B
143664,A
324472,B
449265,A
329235,B
188115,A
269491,B
109899,A
364594,B
368590,B
284078,B
360971,A
243291,C
486861,A
211197,A
177833,C
99572,A
418340,B
400431,B
368294,A
418154,A
477349,A
326709,B
349610,A
425775,B
475022,B
333548,B
348968,A
198768,A
368762,A
369977,A
277218,C
142745,A
124527,A
179792,B
498768,A
416326,B
133989,B
374021,A
205386,B
326734,B
179353,A
240731,B
195794,A
184648,A
155232,A
321899,A
332121,B
193663,A
370506,A
173780,A
201399,B
126473,B
481195,A
206095,B
391577,B
473417,D
320236,A
171850,B
265806,A
168126,B
381981,A
110106,A
282623,A
208852,A
188946,A
382748,B
288343,A
396272,A
380349,B
130507,B
52363,A
361760,A
326775,B
130706,A
130975,B
184993,A
189081,B
265135,B
364468,B
490508,B
468997,A
138155,B
152876,C
403845,A
416334,A
62772,A
351736,A
412635,B
327670,B
179730,B
476938,A
187608,A
366609,A
163051,B
52324,C
233656,B
219954,B
486860,A
348368,A
433235,B
422030,B
499557,A
173361,A
221631,B
225730,B
466442,A
333960,A
484168,A
237377,B
179105,B
333523,E
126478,A
346442,B
342339,A
389969,B
355417,B
328791,B
410828,B
316534,B
435743,A
124848,B
234334,D
479795,B
266641,A
294136,A
132428,A
144089,A
321777,A
412672,B
380126,B
289210,A
292261,A
132395,B
144101,B
309778,B
148239,B
173436,A
216606,A
296176,A
252878,B
351794,A
297302,C
309933,B
190059,B
191952,A
288000,A
114591,B
190938,A
245645,A
421770,B
255051,B
306142,B
135061,B
307755,C
130512,B
295794,A
124593,A
428179,B
471147,A
316108,B
174078,A
217803,B
476494,A
358310,A
142480,A
127296,B
256528,A
364807,B
307461,A
380127,B
498489,A
370249,A
503074,A
416814,A
191192,B
178135,B
385812,A
429625,A
490939,A
315208,B
418327,A
113828,A
171094,A
465041,A
194086,B
161131,A
443270,A
387765,B
189080,B
150294,B
149583,B
426187,A
192475,A
265039,A
385799,B
138636,B
172936,A
184651,B
187660,A
277109,A
436818,C
381388,A
474288,B
392842,A
418584,A
147920,A
265475,A
228211,A
114555,A
202269,C
154891,B
424301,B
424050,B
124509,A
192426,A
341249,A
134757,B
404722,A
81304,A
340727,B
446460,A
370722,B
347195,B
165294,A
165284,A
126661,A
473435,A
371492,A
428762,A
421275,A
448015,D
482823,A
491074,A
318352,B
433333,C
376027,B
429256,A
323445,A
492229,C
147291,A
418069,A
416788,A
173268,B
267932,B
316000,B
327802,A
402659,A
429258,A
391552,B
246425,A
335466,A
146297,A
124970,A
475282,A
316998,A
350818,A
264719,A
253570,A
169167,A
302293,A
477033,A
293250,B
161785,A
252010,A
179124,A
325224,A
268464,A
124001,B
181945,A
268205,B
31138,B
137740,B
358778,B
189976,A
452562,A
394752,A
406245,A
169203,A
348155,B
392772,A
221625,A
197808,B
211328,B
282605,B
168625,A
357024,A
361336,A
260937,A
162115,B
243443,B
172590,A
444604,B
246986,B
459146,A
445427,A
413435,B
417993,A
324408,B
375859,A
135637,B
377861,B
387812,C
236572,C
122911,A
205922,A
134495,A
56697,C
345555,B
289163,B
370880,A
161123,A
207424,B
446457,A
121070,A
321906,A
265144,B
184231,B
173587,A
322482,B
433081,A
390770,A
413133,A
116041,A
144025,A
473433,A
302542,A
254552,A
321759,A
31308,B
483972,A
180260,A
314163,B
370211,B
155441,A
462210,A
341517,A
344954,A
191661,B
126678,A
191378,B
188536,D
359412,B
358702,A
263183,B
246801,A
187438,A
350663,A
283060,C
467314,A
289864,A
205947,A
265659,B
16907,C
301374,B
124524,B
297469,A
137570,B
294137,A
153554,B
256524,A
115939,A
184990,A
372902,B
335644,B
167978,C
135022,B
486863,A
378412,A
192251,A
461763,A
371061,A
371786,A
326496,B
178526,A
321905,A
131970,B
424512,A
260932,A
122813,A
443820,B
350765,A
384607,A
194232,A
325700,A
179113,A
326408,A
374105,B
324045,A
195311,A
328660,B
190945,A
284513,A
205682,C
122811,A
417866,A
205830,B
349946,B
502057,A
256977,B
473452,A
472297,B
337060,B
285316,A
302823,A
193654,A
262815,B
138056,B
153557,B
315579,C
381385,A
381707,A
185869,B
132216,B
453202,B
420570,A
406526,B
293941,A
195844,A
348132,A
364206,B
255158,A
149222,B
260163,B
31670,B
315598,B
198054,B
332243,A
337959,B
342553,A
135705,A
316785,A
477036,A
139938,A
164554,B
234327,B
328798,C
390769,A
392775,A
334611,A
313464,B
308404,B
126658,A
212615,B
373775,A
379050,A
353002,C
179810,B
189274,A
113796,A
380220,C
172413,B
185866,B
253813,B
137542,A
196460,A
269773,C
299839,B
321932,A
429239,B
125807,A
164304,B
406251,B
162564,A
137865,A
275900,A
245894,B
297685,A
322509,B
261399,A
187261,B
320486,A
265297,A
459748,B
363569,B
319140,A
498251,B
210624,B
433032,A
206149,A
452723,B
370937,B
465256,A
173278,B
310004,A
501257,A
240829,B
367798,A
16868,B
469655,A
179721,A
115025,B
177099,B
148545,A
459189,A
416621,A
153035,B
331198,B
377729,B
446964,B
302582,A
319000,B
465384,A
488245,A
314185,B
341651,B
194718,B
372611,B
143792,A
475092,B
416779,A
210732,B
381591,A
476526,B
321690,A
297468,A
501895,A
252572,A
255157,A
375276,B
256293,A
327919,B
191057,C
479475,B
131571,A
471508,B
268648,A
156216,B
135223,C
178137,B
124968,A
236834,A
254490,B
371123,A
138162,B
205807,A
182078,B
451447,A
325931,C
484149,B
176253,A
324477,B
315747,A
122898,A
325012,A
413367,B
155234,A
318881,A
445845,A
142342,A
416534,C
424354,B
156725,C
320725,B
465040,B
104511,B
122818,A
124502,A
364590,A
473361,B
182545,A
46691,B
316663,B
236408,B
482142,B
325131,A
126646,A
442966,B
137579,B
187486,A
405770,A
252867,B
399946,B
452048,A
192433,A
301528,B
306936,A
351049,A
375612,A
278825,A
267927,A
165904,A
114342,A
179637,B
126997,A
177469,B
149399,A
325696,A
394112,B
313276,B
250584,C
318131,B
321693,A
325137,A
344090,B
264267,A
281937,A
175223,A
475650,C
180406,B
131568,A
385612,A
130574,A
179191,A
313388,A
447227,A
430726,B
195903,A
179304,A
253332,A
466757,no score
165346,A
139859,A
473414,A
413134,A
351654,B
483750,A
413144,A
420815,A
156740,B
181640,A
305122,A
321894,A
257111,A
381421,A
234884,
194721,B
132220,A
423687,A
147477,B
185115,A
475429,C
481130,A
422671,B
134099,A
219944,B
501263,A
420294,A
476525,A
110105,A
165209,B
481125,A
139643,B
344143,B
178129,A
153648,A
478455,B
134302,B
488611,B
149495,B
189277,B
309893,B
261350,A
143796,A
469597,A
211324,B
51410,A
265307,B
239375,A
410118,B
155071,B
500495,C
342254,B
453927,D
161826,B
369965,A
179600,A
177773,A
126629,A
323206,A
173184,A
425944,B
114085,A
333962,C
289674,B
416049,A
467698,A
124525,B
294831,B
162567,A
191988,A
429238,A
442304,A
385839,A
416082,A
433166,B
321756,A
268463,A
289834,A
315292,A
452157,B
474067,A
141538,A
179914,A
494027,B
151971,A
236767,A
181382,A
413194,B
414010,B
202253,A
448746,A
372306,B
396110,A
467711,A
302310,B
111149,B
429249,A
179122,A
149487,A
147292,A
494395,A
297258,B
168053,B
161030,C
366793,B
265148,B
168006,B
176279,B
294688,A
479480,A
183138,B
157462,B
383967,B
288921,A
469007,A
488460,A
260938,A
184967,B
277654,C
124844,A
385127,A
358545,A
144675,A
416339,A
483105,A
289800,A
129798,A
192060,B
219330,B
296660,A
138245,A
348134,A
219762,B
335967,A
137550,A
449316,B
132145,A
381691,A
139060,B
31015,A
196990,A
143721,B
192230,A
144703,B
183352,B
111139,A
183580,C
168752,B
136316,B
192056,B
62794,B
481875,A
420002,A
353160,B
233345,B
122809,A
135056,A
405769,A
468084,B
370939,A
393996,A
314490,A
317670,A
232913,B
348810,B
265041,B
125188,A
131447,A
185825,A
401720,A
315096,A
125003,A
385813,B
266643,A
443771,A
246746,A
184991,B
364113,B
439892,B
172956,A
373383,B
457599,A
419701,A
313272,B
217983,A
132659,A
126671,A
129573,A
417356,B
253834,A
254331,B
145612,B
256736,B
469588,A
185863,A
325008,A
172933,A
219946,A
461256,B
290043,B
388771,B
146160,A
500660,A
306933,A
283058,C
499967,
307824,A
206090,C
31035,A
132241,A
217924,A
368297,A
367065,A
256457,B
196859,B
192830,A
268260,A
324865,B
348150,A
256451,B
310954,B
363525,A
115940,A
122861,B
135590,B
146942,B
358779,B
466717,A
317664,B
169596,B
205945,C
246200,A
144080,B
122446,B
164630,B
333090,A
381506,A
462768,B
410888,A
437498,E
368631,A
387814,C
321943,A
421819,B
325256,A
315296,A
172971,A
224196,A
265631,B
315688,A
332948,B
391012,C
109027,A
327048,C
327136,A
173438,A
282931,B
234341,B
237263,A
448807,A
315083,A
179467,A
389084,B
312258,A
256292,B
428722,A
388255,B
452954,B
206126,A
168621,A
188387,A
125091,A
499227,A
184356,A
236697,B
196462,A
362634,B
244402,D
381415,A
459668,B
325229,A
240208,B
113191,A
328712,A
394310,B
144667,A
466193,A
205379,A
238540,C
158516,B
324057,B
188371,A
372211,B
462611,A
135715,B
183008,A
320489,A
449061,B
349770,C
240925,B
420877,A
486977,A
287878,B
188517,A
109938,A
175780,A
439893,A
473680,B
479438,A
487034,A
332090,B
149438,A
315607,A
240404,B
177057,B
316284,B
153856,B
400638,C
193959,A
420275,A
476493,A
155891,A
416170,A
493596,A
466991,no score
177259,B
416546,A
448750,A
219953,A
189303,A
325764,A
402740,A
432600,A
353023,A
17096,B
131090,A
135545,B
313063,A
211918,A
233496,A
263354,A
254459,A
188909,A
135535,B
503063,B
135660,B
217808,B
349624,A
181121,B
239498,A
192705,A
323448,A
425824,B
422337,B
297499,B
110381,A
482806,A
104528,A
452505,B
467287,B
138581,B
362377,B
453031,A
394526,B
322615,A
137837,A
193766,B
302200,B
184213,A
466753,no score
265702,A
358780,B
135060,B
205522,A
294427,A
428729,A
446889,B
325940,B
327706,B
353077,A
451865,B
412958,A
63336,B
260167,A
406329,A
140298,B
317301,B
256913,A
503785,A
124841,B
479479,A
394362,B
196461,B
138084,B
371414,B
488141,A
194506,A
254329,A
323256,A
296193,A
330125,A
471705,A
124967,B
452136,A
389973,B
482210,A
188112,B
62775,B
182566,A
308577,B
469890,A
179228,B
307484,A
57970,C
173703,A
499558,B
294188,C
483098,A
484169,A
499555,A
139771,B
188139,A
294009,A
383949,B
414077,B
190134,B
409610,C
188908,B
470992,A
302644,A
187257,B
416034,A
364247,A
132658,A
291078,A
137047,B
362612,B
211359,A
192446,A
233245,
291618,B
265423,B
177796,B
109922,A
254450,A
466692,A
255148,B
124992,B
485505,A
179092,B
211158,B
144683,A
169204,B
451448,A
165325,B
315311,B
244240,B
120870,C
255136,B
167821,B
283386,A
283953,A
473453,A
328708,A
236476,A
473429,B
202032,A
240079,B
195837,A
317079,B
475996,A
205942,C
243582,B
320270,A
323949,A
384525,A
451301,A
473985,A
109651,B
310000,A
289173,D
317200,B
124850,A
488172,B
423441,B
131884,B
302523,B
319836,A
479928,A
315082,B
324301,A
360937,B
484151,A
158797,A
370946,A
326272,A
265972,A
406106,B
361815,A
197305,A
179496,A
162073,A
453906,C
465047,B
479506,A
164791,B
482525,A
140788,A
157595,B
286655,C
466946,B
442959,B
189268,B
166053,B
487478,A
139868,B
189082,A
482515,A
145788,A
179314,A
244523,A
125727,A
323239,A
479501,A
125762,B
195600,A
145940,B
210899,B
186324,A
459880,A
335641,C
189067,B
180711,B
445188,A
446843,A
206101,A
325947,B
353018,A
265042,A
173691,A
31036,B
350766,A
278922,B
154722,B
287347,B
240737,A
454621,B
501247,A
189032,B
348799,A
323204,A
153808,A
158409,A
289011,A
487406,B
342977,B
406011,A
452757,B
70208,A
219939,B
312705,B
465399,A
113131,B
350784,B
466242,B
152456,A
310250,C
252573,A
323977,A
363349,A
401719,B
302308,A
134873,A
423357,A
430582,B
253366,A
217216,A
256458,A
51716,B
173498,A
183590,A
152971,A
388419,B
482170,A
210855,A
477976,A
357810,A
125284,A
277025,A
135702,B
205514,B
172492,A
446797,B
321942,A
169226,A
406335,B
390195,B
357654,A
328169,B
192281,A
184886,A
310835,A
323200,B
181097,B
139889,B
367430,B
304777,B
267509,C
174892,A
138075,A
195043,B
425505,A
134189,B
169268,A
347947,B
175350,A
192148,A
447012,C
371041,B
317961,A
492963,A
160880,A
407060,B
246586,B
109936,A
451405,B
31104,B
290138,A
253391,A
393994,A
283432,A
393846,A
293940,B
131962,A
358971,A
431685,A
448725,A
256758,A
390589,A
360975,B
188492,B
31268,B
367214,A
441641,A
317245,B
296306,A
299474,A
317033,A
219935,B
370882,B
428221,A
248139,A
139770,A
142619,A
154301,A
158401,B
316431,A
190069,A
144709,A
396420,C
173478,B
141344,A
355244,B
430783,A
244585,B
318456,B
206147,A
480033,A
142658,A
306947,A
205395,A
135704,B
333961,B
349772,B
319882,B
320443,A
175094,A
309540,B
122262,C
143938,B
284496,B
324992,A
322617,A
473419,A
479797,A
367190,A
437073,A
265639,B
324946,A
260208,B
110380,A
317084,A
356889,B
81305,A
256456,B
16929,B
420721,B
165323,A
131475,A
291112,B
263181,B
57971,B
181515,A
380694,B
484142,A
181721,B
111167,B
425782,B
278879,B
449220,A
435568,B
175993,B
480040,A
350757,B
381708,A
310941,B
323944,A
70307,C
365936,A
255438,A
350673,B
322488,A
407022,B
348136,B
234142,
123910,B
253520,A
261423,B
54335,B
376772,A
127375,A
325415,C
477371,A
234563,B
318457,B
311953,B
221600,B
320340,A
291257,A
291662,B
227327,A
313021,B
436641,A
270187,A
139186,A
390193,A
125259,B
290008,A
139577,A
401018,B
446662,A
133920,A
118277,B
414865,A
466364,A
439894,A
265485,A
289009,C
184933,A
205382,A
125169,A
450901,A
199202,B
186333,A
134630,B
445189,A
431633,A
135089,B
360824,A
188373,A
448964,A
389967,B
195842,A
278196,B
302567,A
414547,A
314186,B
141849,A
225786,B
307445,A
312968,B
203065,B
296408,A
373465,B
253712,B
478808,C
424299,C
430295,A
438369,B
167908,B
391179,B
140465,A
229933,A
501239,A
139878,B
428772,B
348146,B
298168,B
182751,A
321897,A
286831,C
255288,A
141493,B
320333,A
256985,A
321941,A
199594,A
320388,B
421845,A
294138,B
201428,A
309932,A
147290,A
314878,A
143436,A
472295,B
418346,B
482288,A
390276,B
291402,A
362478,A
134520,A
189671,B
325407,A
118322,A
232501,A
187266,B
459466,A
308762,B
136047,A
118321,A
240197,B
233292,
503143,C
473231,A
325120,A
256974,B
53698,B
122817,A
256847,A
253562,B
122910,A
385809,B
400551,B
420846,C
227323,B
419999,A
244358,B
173895,A
142731,A
352964,A
169210,A
415887,A
309997,A
188905,A
318896,A
177261,B
180080,B
361030,B
365791,A
450702,A
219340,A
147057,B
413101,B
270324,A
363604,C
165272,A
156729,A
190106,B
469746,A
474592,A
263266,A
86755,A
387533,B
367886,B
359436,A
339641,A
471775,A
320424,B
135508,B
135492,A
282989,D
424610,A
310840,A
287257,B
475260,B
378356,B
178531,C
172962,A
187643,B
494385,A
186337,A
191379,A
466633,A
168094,A
328786,A
468132,B
343848,A
253398,A
447327,B
482871,A
380425,A
269063,A
166090,A
382680,A
445435,A
129847,A
350770,A
491843,B
306851,A
430945,A
141031,A
135644,A
309396,A
371493,B
313473,B
78875,B
489326,A
254547,A
199577,B
195420,A
328235,A
157766,B
232971,B
451451,A
486862,A
278257,B
31135,A
265051,B
118763,A
489339,A
381818,B
497824,A
167832,A
384028,D
362457,A
411385,A
421652,A
371799,A
109191,A
215845,B
212614,B
183337,A
217005,B
122904,A
467107,A
253321,A
143183,A
173275,A
389236,A
187260,B
141035,A
132932,B
495501,A
130970,A
190957,B
193127,A
255131,B
424667,C
283697,B
385956,A
126662,A
365749,A
135596,A
361020,A
424794,A
143803,A
348149,A
277104,A
176358,A
324882,A
195834,A
334682,C
173778,B
153652,A
126435,B
219356,B
302585,B
297473,D
312708,B
487045,A
330447,A
324033,B
254072,A
270192,A
488965,A
446807,B
237222,B
288988,A
320886,A
164569,B
317154,B
380925,A
314187,B
449505,A
368283,A
377731,B
381922,A
123370,A
157887,A
354542,C
309695,B
420235,A
241424,B
206070,B
170130,B
270181,A
185328,B
17120,B
124595,A
17133,B
321923,A
349554,A
383031,A
210403,A
190935,A
370493,A
263485,B
414021,A
120002,D
149398,A
183584,A
178778,B
348967,A
139569,A
313078,A
444832,A
451916,B
240407,B
297687,A
195201,B
466162,A
265650,B
289357,A
343495,A
447423,A
483874,A
446809,A
348369,A
321344,A
158380,A
378435,A
144034,A
297305,C
413335,B
156193,C
188472,B
416510,B
189284,B
390552,C
192057,A
445190,B
336947,A
167791,B
216787,B
224199,B
416764,B
197025,A
410558,C
59831,A
502629,B
135460,B
328623,A
383483,D
250586,A
168639,A
136055,A
268208,A
279673,A
481993,A
123302,A
288985,A
477187,A
195786,A
181475,C
124966,A
185617,A
375662,A
195605,A
326291,A
133565,B
479481,A
260196,A
70105,B
188933,A
184305,A
490524,B
139937,A
464674,A
466174,A
271037,A
171727,A
188813,A
415386,A
327570,A
356013,C
234657,A
314962,B
54530,B
354031,B
210864,B
421834,A
401115,A
416047,A
294673,A
501837,A
465001,A
366706,B
364122,B
322770,B
165317,A
475569,A
147526,B
372614,A
177284,A
363861,A
384917,B
147252,A
462438,C
391251,A
302525,B
325221,B
145596,A
112829,A
451462,A
336955,A
383780,A
246432,A
416792,B
445181,A
125073,A
459465,A
323245,A
444230,A
339642,A
253193,B
137564,B
394110,B
443280,B
240201,B
138037,C
149087,B
454882,A
179307,B
153556,B
193045,A
164071,B
210719,B
191515,B
131557,A
235054,B
310256,A
335697,B
178534,A
268214,B
185139,A
321931,A
316667,B
329642,B
489324,A
135463,B
140016,A
279682,A
418563,A
466988,no score
157764,A
302773,A
350812,A
192013,A
321788,B
290095,B
290131,A
126659,A
408642,A
386590,A
479491,A
318444,B
215344,A
188825,B
466352,B
237154,A
358838,A
305798,B
448274,A
144751,A
287875,A
479950,A
277243,B
484156,A
124431,A
323555,B
234317,A
471315,A
55022,B
192752,A
367698,A
121680,A
186315,A
206062,B
437942,A
172961,A
321789,B
413798,A
421298,A
324717,B
352839,B
178845,A
189981,A
244458,A
390227,A
310198,A
321748,A
312965,B
122862,B
337568,A
139962,A
451240,B
494687,A
282194,A
253530,A
112370,B
345872,B
406257,A
215818,A
287256,C
124755,C
357658,A
205431,A
137962,B
349815,A
169081,B
420222,A
369874,A
142586,A
135462,B
296485,A
371921,B
227385,B
449723,A
31481,B
391591,A
139798,B
460988,A
462769,C
171646,A
278095,C
321767,A
484167,A
315280,B
175789,A
192484,B
17111,B
202610,B
325943,B
172817,A
124857,B
406328,A
381863,B
298097,B
121404,B
250583,B
342145,A
86760,A
186683,A
125171,B
255247,B
112502,B
177192,B
173273,A
490227,A
478597,A
134962,B
464089,A
328624,A
284509,B
177098,B
442585,B
316044,C
373771,A
135632,B
490824,A
372244,B
124430,B
255824,B
109311,A
379289,A
436852,A
355401,C
357651,A
168590,A
406249,A
302589,B
312987,B
202196,B
348366,A
492061,B
183059,A
217024,B
187823,A
78885,B
135635,B
234645,B
255471,A
135117,A
261339,A
147505,A
383441,A
373823,A
265468,B
344953,C
131068,B
325266,A
164564,A
254038,B
364567,B
275170,A
194106,C
144697,A
337070,B
408876,B
330302,B
187320,B
101585,B
344283,A
190933,A
348815,A
293811,B
219941,B
392872,A
469660,B
113901,A
156523,B
197285,B
466900,B
189057,A
479492,A
389964,C
163972,B
350695,A
132925,A
253526,A
362311,A
294429,B
297540,A
190114,B
454252,A
217940,A
126455,A
160907,B
282320,B
379573,A
169392,A
353625,A
192440,A
256734,B
475108,A
381383,C
186418,A
253846,B
219342,B
244573,B
149305,A
476568,A
439886,A
186835,A
126654,A
203759,A
404968,B
406256,A
134496,A
369862,A
121436,B
139882,A
164549,A
140478,A
193128,A
122913,A
140490,B
418304,A
144129,B
278350,B
286644,B
420914,A
419727,A
481119,A
187263,B
286960,B
314689,A
265656,B
391884,A
188503,B
126476,A
364660,A
269770,B
477062,A
144750,B
294187,B
479937,A
128240,A
135450,C
146343,A
417786,B
17109,B
428182,B
386358,C
438428,A
470794,A
334618,B
141345,A
370943,A
404311,A
171770,B
467618,A
125096,A
244352,A
138151,B
493357,A
347953,A
126477,A
25717,B
430785,C
247992,B
169598,A
391159,C
349778,B
196472,A
462771,C
379019,A
197268,A
386885,B
163211,A
302956,B
389302,A
315312,A
146083,A
384702,B
338199,A
233658,B
170238,A
387557,B
221604,A
367439,A
376294,A
449553,B
189052,A
322444,B
345552,B
153646,B
453894,B
413434,A
389089,A
342584,A
265477,B
351973,A
144666,A
265473,A
371688,A
253312,A
168008,B
468243,A
171697,B
464508,B
306906,A
359377,B
484154,B
406107,B
173274,A
351081,A
358548,B
350799,B
502296,A
335001,A
489335,A
415437,A
126804,B
137597,B
227667,B
190960,A
217834,A
334786,B
320478,A
376226,A
191024,
277126,B
323951,A
348373,A
357656,A
315690,A
153407,A
297260,A
313463,B
70185,A
174071,A
246636,B
138485,B
330973,A
482523,A
376564,A
152361,A
289178,A
192317,A
333892,A
179679,A
351083,A
11760,B
287273,A
470006,A
370241,A
178940,A
411048,A
181190,B
102971,A
135193,C
304006,A
268206,A
192099,B
187235,B
179837,B
460987,A
389995,A
338492,A
186284,B
408332,A
420604,A
460854,A
375201,B
406188,B
265045,B
172893,A
177505,A
400441,A
173148,A
138259,A
294424,B
307811,A
217673,B
466484,A
321836,A
498645,A
249357,B
197923,A
333546,B
284349,A
128235,B
301089,A
494105,D
253854,B
139847,B
197140,A
121125,B
416744,A
186399,A
385780,C
253310,A
367124,A
384554,B
178550,A
210488,A
173199,A
112499,B
401162,A
176354,A
302932,A
191066,A
475741,A
166427,B
237378,A
16877,B
388163,B
490941,A
317502,A
279587,B
142907,B
358546,A
417736,A
114552,A
210125,B
253700,A
255141,A
349358,B
101614,B
324272,A
173437,A
342555,A
389088,A
269518,A
149628,B
416325,A
165034,B
131971,A
110382,A
265321,B
134753,B
86752,B
376077,A
430494,B
436649,A
147349,B
212491,A
364466,A
134517,A
361807,A
378426,A
320477,A
358684,B
124438,B
217567,B
430731,B
465536,A
339894,B
493666,B
364588,A
132665,A
153639,A
307223,A
486432,A
284200,A
394516,A
177260,B
232514,A
310243,A
387626,A
328703,A
293812,A
397709,A
285222,B
124511,A
109896,A
286426,C
193049,A
353668,A
315228,B
482872,A
126456,A
143808,A
233711,A
330636,A
177100,B
210843,A
503060,A
490827,A
420506,A
298098,B
217913,A
408669,B
320058,A
364361,B
265134,B
289369,B
190940,A
183136,A
381108,B
187606,A
482664,B
292473,D
383929,A
420400,A
221623,A
173821,A
368615,A
144674,B
487482,B
234345,
134014,C
113826,A
318910,A
371094,A
145830,A
139064,B
288339,A
293837,C
488175,B
486854,A
221619,A
440254,A
297440,B
165626,A
205810,A
219333,C
181480,A
296192,A
342484,A
114561,A
186308,A
383876,B
418095,B
135716,B
404737,A
393857,B
142337,B
370251,B
451703,A
311061,B
217835,A
261345,A
197304,B
428701,A
241120,B
417986,A
216443,B
161132,A
228232,B
141164,B
149744,B
492128,A
430699,A
185182,B
110383,A
144434,A
484140,A
302421,A
196699,B
123615,A
303573,B
265511,A
127730,B
161781,A
302417,B
466986,B
468803,B
417737,A
373772,A
135454,B
112666,A
452795,A
394059,A
325938,B
406327,A
420844,A
413128,A
432092,A
184154,B
414931,A
211452,A
146533,B
481192,A
355195,B
171092,A
155929,A
313769,A
164097,B
360970,A
290132,A
206129,A
479767,D
375011,A
137775,A
216178,A
296398,A
368513,B
142721,A
364515,B
155440,A
283683,B
444962,B
143214,A
109852,B
482262,A
335696,B
173260,A
479477,A
490416,A
135697,B
142826,A
135547,B
443196,B
109602,B
358685,B
451819,A
473448,A
394525,A
325271,B
291223,B
289677,A
376229,A
445622,A
360346,A
333973,A
351971,A
321637,A
388615,B
288923,A
488174,B
323230,A
122812,A
329010,B
195574,A
265654,B
383332,A
393277,A
219938,A
479762,B
376618,B
186352,B
373899,A
467697,A
352870,B
383957,A
287258,B
179630,A
385808,B
312716,B
501258,A
187634,A
31026,B
141885,B
237369,C
109897,A
125774,A
420883,A
283540,A
419831,A
179641,A
294010,B
125749,B
361024,B
124414,B
322479,A
372342,B
217823,A
227849,B
344578,B
172937,B
320482,A
210483,A
441749,B
492146,B
253544,A
469721,B
350764,C
466426,B
127495,A
146944,A
502316,B
381720,B
188781,A
490518,B
169160,A
472277,A
425817,B
282849,B
190056,A
382864,B
293008,A
122819,A
281888,A
164729,A
135026,B
377857,B
321753,A
488946,A
499559,B
206135,A
129083,A
186416,A
415927,B
16900,B
329626,B
277655,C
179195,A
383130,C
340139,B
302917,A
138494,A
283358,B
366604,A
175040,A
378147,A
482281,A
490597,B
433455,B
411277,B
315087,C
376293,A
316002,A
255236,B
265516,A
186688,A
221616,A
339607,B
138293,A
479476,B
381817,B
381715,A
445851,A
153940,A
442214,B
191543,
325253,A
168395,B
269762,A
131448,A
186417,A
371784,A
373244,B
148241,A
430748,B
135065,B
172966,A
131723,B
168010,B
476496,A
323143,B
325010,A
368493,A
282608,C
178481,B
415443,B
482801,A
161820,A
388611,A
154692,C
320140,B
143211,A
482331,B
413887,A
416306,A
178322,A
495694,B
189803,B
137072,B
351834,C
147738,A
309325,B
190352,A
437846,A
183593,B
244583,B
188910,A
317101,A
169187,B
444075,A
174073,A
180081,A
195204,B
300718,B
219929,B
377799,A
351970,A
467081,A
387128,A
217857,A
207216,
480056,B
235031,B
124851,B
472264,B
251999,B
368438,B
498249,A
317112,A
419037,A
179707,A
404715,A
125070,A
134540,C
189407,A
328709,C
465006,A
172437,A
143935,B
298217,A
260929,A
370542,A
419375,A
390592,B
197303,A
144664,A
168196,B
233325,A
52462,B
347949,B
414551,B
471369,A
137609,B
469896,A
372584,B
185185,B
160913,A
307863,A
172489,B
377801,B
456487,A
498644,A
178779,B
435715,B
246318,B
166106,A
379158,B
381074,A
269062,B
16897,A
186420,B
188128,A
200514,B
215757,A
483211,A
452145,A
501580,A
128829,B
443472,A
340598,B
138310,A
265422,B
189054,A
463327,C
240220,C
173706,A
70110,A
235500,B
263484,A
447421,A
139640,A
129663,A
221607,B
169594,A
391151,B
153767,A
205555,B
381568,A
118066,B
415769,B
323689,A
467317,B
153645,A
315600,A
293742,A
181409,B
466914,B
247846,B
289017,A
154305,A
432037,A
170706,B
191025,
186368,A
289008,A
156487,A
221620,A
164070,B
489333,A
32520,B
176932,B
314105,B
131089,A
379051,A
321638,A
142762,A
289802,A
195785,A
374197,B
149409,A
255255,B
493338,B
324054,A
417182,B
359373,B
339507,B
346076,A
348109,A
425791,B
322495,A
418070,A
301685,A
321838,A
326293,A
328697,A
477054,A
101293,B
322592,B
339654,B
504409,B
197259,A
323224,A
205242,A
246113,A
16871,A
193967,A
115815,A
363819,B
312720,B
342272,B
488995,C
268221,A
321814,B
237749,A
247768,B
210746,B
325262,B
133891,B
138486,C
149486,A
173775,A
471017,C
137969,C
229930,B
452797,A
481296,A
205980,B
451370,A
325410,A
111147,B
268646,A
253812,A
452160,B
133956,B
499553,A
110097,B
444602,A
109299,A
253363,A
375650,A
452623,B
253752,A
169353,B
246978,B
157426,C
327653,B
421286,A
382859,A
172625,A
370786,A
261335,A
245892,B
298059,B
278108,B
122286,C
333146,A
323231,A
139059,B
178133,A
122892,A
448183,A
310813,B
189475,A
414011,B
345023,B
139891,C
400438,B
326580,A
338159,B
320844,B
137618,B
173264,A
59945,A
193943,C
371801,A
263751,B
135468,B
81299,B
379754,B
185157,A
481116,A
192751,A
198499,B
445179,A
111138,B
132681,C
135120,B
188911,A
406198,A
373502,B
482285,A
306934,A
330449,B
302410,A
31342,A
210902,B
381309,B
390771,A
192011,B
298773,B
482868,A
502313,A
489163,A
169399,B
175353,A
126437,B
169201,B
425828,B
82756,A
394754,B
318447,A
144682,A
299725,A
297529,A
414206,B
371467,B
130572,A
312961,B
135088,B
408321,A
489325,A
124181,A
169144,A
318748,B
443452,A
357619,B
358544,A
325472,A
411047,A
195540,A
157318,A
482286,A
193423,A
149481,A
135917,B
415271,A
446799,B
413329,A
251993,A
462128,B
451302,A
190959,A
308797,B
446462,A
324999,A
189328,B
328835,A
149437,A
379332,B
474012,B
368554,B
329040,A
205995,D
414548,A
295264,B
253573,C
191059,A
480682,B
367705,A
139911,A
495416,A
345281,A
444029,A
140967,A
145941,A
169085,A
268212,B
167819,B
451486,A
361812,A
341851,A
188842,A
330970,B
192315,A
361741,A
486872,B
394057,A
175352,A
173440,B
318152,B
124268,A
468598,B
293659,A
476107,B
77879,A
145158,A
348359,A
202293,A
146152,B
149420,A
236017,A
425984,B
337295,B
362754,B
196688,A
179074,B
256971,A
460075,A
221602,B
169232,A
201535,B
277717,B
421280,B
480676,A
344650,A
327739,B
269067,B
149391,A
168634,A
453201,B
478809,A
247830,B
417367,A
112576,B
206462,B
388173,A
420402,B
369839,A
329042,B
503194,A
135534,B
385026,A
253320,A
130573,A
122900,A
380123,B
132054,A
256889,B
52989,B
185327,B
381118,B
299732,A
492222,A
392206,B
182703,A
203782,A
350782,A
321945,A
394834,A
420540,B
170063,A
429616,A
383971,A
209767,A
355236,B
139433,B
326273,B
316787,B
424738,A
343945,A
504450,B
225578,B
416322,A
483967,A
351273,A
161143,C
310763,A
194081,A
335642,B
381926,B
479773,A
333958,B
198175,A
181094,C
400100,B
124590,A
195581,A
211379,A
311064,B
134880,A
212097,B
320359,A
167792,A
370938,A
362469,A
133988,B
181751,A
445847,A
475277,B
207795,A
241017,A
122445,B
265467,B
252840,B
426201,A
463507,B
188125,B
185607,A
219933,B
144652,B
313678,A
426262,A
417551,A
241121,B
302629,A
141495,B
243578,A
175240,A
283620,B
381036,B
322420,A
138087,B
219332,A
428278,A
28786,B
265316,A
132237,B
243385,B
282437,E
255160,A
178042,C
425111,B
423359,A
499565,A
142977,A
500146,A
413722,A
250755,B
485308,B
135497,A
441634,B
259190,A
380309,B
175351,B
153700,A
203780,A
494251,C
139439,B
342060,A
110099,A
177502,B
330971,B
163935,B
135122,B
344263,D
483578,A
142336,A
265713,B
169027,B
175358,B
422654,C
104514,A
140277,B
192519,A
219951,B
136038,B
189299,B
453803,D
314938,A
215704,B
341518,A
108501,B
375906,B
308703,B
457444,A
138497,B
122452,A
247826,C
219947,A
265472,B
244588,B
346465,A
138711,B
355010,A
381717,A
134508,A
132217,A
205981,A
132254,A
289177,D
380645,B
211133,B
109305,A
431935,B
302566,A
211354,C
348602,A
122449,A
279667,A
422820,A
495252,A
210861,B
297109,B
124754,B
211332,A
497309,B
314993,B
277557,B
463475,B
188934,B
393852,B
187605,A
371333,A
373049,A
144094,A
416815,A
256455,B
322456,B
382745,A
350822,A
152475,B
446270,A
413723,A
277715,A
416065,A
330788,B
292469,D
419887,A
160937,C
376569,A
418308,A
348144,A
114073,B
156522,A
501577,A
413186,B
500494,B
195543,C
315153,B
380122,B
114557,A
497611,C
138085,A
279566,A
124843,A
327559,A
315711,B
312334,B
473689,B
368468,B
126366,B
173716,A
320377,A
181483,B
153555,A
247863,B
128909,A
189302,B
472457,A
244570,B
136021,A
162851,B
131407,B
375637,B
448914,A
169157,A
326270,B
172821,A
320743,B
320383,A
452150,A
375261,B
172401,A
141830,B
351830,A
175994,B
366390,A
112592,C
503597,C
53696,B
345568,B
424052,A
149447,B
269512,A
374239,B
178525,A
321695,B
156524,A
466367,B
161658,B
164553,C
59946,A
321834,A
138338,A
334983,B
195902,A
489169,A
406012,A
196459,A
381585,A
478823,B
340321,B
360364,C
437581,B
246537,B
195838,A
424517,A
211426,B
504133,B
154749,A
241395,B
137960,B
305807,A
374086,A
161007,C
401113,A
372360,B
307981,A
420847,A
167932,B
450700,A
302419,A
296308,A
477000,B
171555,B
242328,C
389899,A
52987,A
206151,A
174091,A
382356,A
252875,B
188912,B
173254,A
383905,B
362960,B
332613,B
365226,B
337044,A
313153,A
466172,A
170060,B
179558,A
157451,B
170400,B
479478,A
182085,A
198361,B
469591,A
324512,A
338018,A
169205,A
255284,B
283403,A
473437,A
328661,A
324615,A
184522,C
306138,B
209844,C
236557,A
227289,B
65368,B
406540,B
283406,A
485516,A
489332,A
457447,B
140947,B
314141,A
392966,A
355247,B
310836,A
294257,A
368730,A
320721,A
189263,A
196989,A
389103,B
376428,A
172752,A
447661,B
190118,B
415419,A
298805,B
278703,B
126679,A
184934,A
186562,C
340719,A
126425,A
492965,B
217672,A
161823,A
127149,B
168055,B
368629,A
253533,A
372203,B
282093,B
182697,A
53697,B
389496,A
173154,A
383129,B
183592,A
165322,A
316102,C
291927,A
385842,A
452956,A
423524,B
309702,A
322659,A
313158,A
384804,B
190930,A
309641,A
381507,A
160878,A
173677,B
189476,B
212536,B
51701,B
137583,A
187489,B
173150,A
416062,A
211357,A
151269,A
498247,A
322207,C
169243,A
149440,A
135031,B
323692,A
447398,A
78886,B
131442,C
156532,B
206150,A
193158,A
124998,A
188451,A
192480,B
323636,A
217046,B
174087,B
288424,A
469010,A
138607,B
253256,B
282293,A
144653,B
366602,B
374636,B
239790,B
368591,A
184502,B
123913,C
120878,A
150861,A
448819,A
168573,C
219350,A
202294,C
169000,B
140140,A
498958,A
388494,B
378427,A
471023,B
124971,A
173774,A
189262,B
376421,A
355371,A
203781,A
405594,C
389971,B
77882,A
348141,B
325116,A
246427,A
312736,A
320176,A
122915,A
432955,A
138312,A
210901,A
175224,A
407391,A
398477,A
309650,A
490755,A
338027,A
381087,C
371589,C
191945,B
189264,A
134620,B
219942,B
123912,C
479936,A
195315,B
188542,C
277358,A
205420,A
112598,A
184987,B
205915,B
417549,B
492372,B
338017,A
284241,B
197686,B
484448,A
59951,A
318601,B
298746,B
168051,B
351864,A
234578,A
180330,B
462126,A
449721,A
164203,B
138263,B
256774,A
265294,B
394363,B
375511,A
466545,A
486566,B
124439,B
178323,A
212639,B
219937,B
135642,A
131093,A
361296,A
135656,B
171104,B
141762,A
28297,B
265593,B
486800,A
142341,A
149490,A
191064,A
328698,A
124972,A
186306,B
149066,C
325690,A
442321,A
113904,A
482841,A
331266,A
53784,A
315288,C
217824,A
163684,B
175239,A
468087,A
463598,B
422416,B
406264,B
120880,B
378732,A
217804,B
360938,B
321692,A
172423,A
392869,A
323974,A
139447,C
388060,A
389963,C
113783,D
177087,B
185143,A
138704,B
265146,B
301613,C
395074,B
436990,B
255299,C
265461,B
264032,C
337062,C
191470,B
382119,A
153882,B
324934,A
348138,B
198760,C
469603,A
287643,A
413206,B
138337,A
219943,B
161783,A
233728,B
219352,A
119938,A
365750,A
331564,B
164068,A
112523,B
164567,A
385811,B
292094,A
124975,B
312449,B
322227,A
421294,A
255243,A
428280,B
307449,A
416746,A
358701,E
205988,A
461195,A
432538,A
206349,A
131543,A
496354,A
442325,A
234522,A
370851,A
144069,A
153653,A
174839,A
381740,B
186316,A
172408,A
345560,B
498056,A
297259,B
284084,B
384701,A
149337,A
373962,B
389432,A
350701,A
390419,B
466196,A
124892,B
447841,B
139633,A
447396,E
460354,A
416324,B
477785,B
394522,B
125072,A
138247,A
382127,C
483020,A
263371,A
291919,B
51699,B
445178,A
369883,B
192280,A
135123,A
169228,A
503596,B
168584,A
368636,A
31265,B
495822,B
325923,C
331908,A
175258,A
126461,A
412745,A
383972,A
293098,B
125076,A
501256,A
449719,A
337566,A
137605,B
500425,A
141498,B
254541,A
332522,B
341581,A
466427,B
16979,B
269496,A
188462,A
448736,B
350680,B
200004,B
138086,A
383784,A
134747,A
193116,B
323209,B
248140,B
179188,A
287784,B
31264,B
361027,A
468723,A
464997,A
382096,A
310666,A
131174,B
498648,A
199341,B
384422,B
482566,A
367002,A
480209,C
310621,A
153958,C
448959,A
377372,A
328621,A
294423,A
130937,B
345030,B
196547,B
123409,A
177172,A
175095,A
369852,A
175038,B
362464,B
293246,A
468589,A
351058,A
268481,A
487483,A
400423,B
180062,B
348145,B
306941,A
390825,A
390100,A
332722,A
154513,A
372804,A
139932,B
324883,A
211325,B
384539,A
269066,B
371465,A
450769,B
192229,A
288807,B
154216,B
206086,A
416333,A
305409,A
164066,A
138635,A
327808,A
414078,B
451465,A
139961,B
406219,B
187665,A
116588,B
459590,A
169352,C
481233,A
121434,B
333161,C
372760,B
167849,E
427164,C
205960,C
361739,A
349359,B
433239,B
364591,B
357809,A
481988,A
479925,A
382124,A
237746,A
453908,B
365748,A
168791,A
168009,B
146080,A
46613,B
451441,A
465010,B
294704,B
482263,A
477366,A
325659,B
468991,A
496109,B
137906,B
318883,A
449269,A
193235,A
379008,A
460144,B
124503,A
372612,B
391047,A
150457,B
120879,A
165324,A
489330,A
307460,A
421831,A
344646,A
302581,B
301299,B
149390,B
432599,A
168790,B
189600,A
265506,B
350759,A
144658,B
291120,A
199955,A
268655,A
269068,B
461524,A
299261,A
452512,B
295325,B
60068,A
254548,A
480635,A
387700,B
431624,A
448288,A
184223,A
493318,B
177486,B
165168,A
330194,B
196881,B
192524,A
497570,A
408362,B
343944,B
128005,B
233263,
325001,A
415272,A
54462,A
321551,A
177088,B
351096,B
219339,A
406522,B
379741,B
173282,A
262961,B
206127,A
296817,C
468308,A
289010,C
125192,A
385690,B
254043,A
135496,B
156195,B
187264,B
190111,B
437153,B
383961,A
377733,B
283389,A
469881,A
472274,A
138585,B
305874,B
293435,A
149408,A
156765,A
246329,A
333643,A
374113,B
253543,A
157427,C
341653,B
309920,A
357621,A
139639,B
193964,A
430944,A
383534,A
148918,A
370387,B
319372,B
101583,A
320166,A
143435,A
144655,C
282287,B
433225,B
443284,A
371470,A
161407,B
175362,C
189063,B
182570,B
351126,A
287907,B
418842,A
312453,A
373783,B
316008,B
101586,B
142466,A
177358,A
245891,B
219358,A
445424,A
153027,B
161635,A
349393,A
420842,A
270220,C
114559,A
134004,B
465593,A
323691,A
288236,B
265413,A
467312,B
173263,A
314413,A
139062,B
165291,A
137632,B
475036,B
362470,A
298587,B
275902,A
181786,A
404198,B
137961,B
210124,B
179638,A
402353,B
137963,B
289722,B
153287,A
136048,A
255124,A
451898,B
169198,B
165292,A
322662,A
380303,A
320546,A
142360,A
133910,A
362637,B
323220,D
332786,A
357091,B
351065,A
57029,B
483215,A
46803,A
124964,A
292588,C
180072,B
194079,A
468619,A
120877,A
181420,B
324176,B
139801,A
267731,A
468086,A
122826,A
131689,A
287881,A
493887,A
142593,A
149106,B
216779,B
462032,B
138048,A
125768,A
350692,A
131953,A
268465,A
328716,B
188094,A
140240,B
161787,A
120843,B
298362,A
420732,B
209766,B
417874,B
313681,B
482267,A
504132,B
345780,B
467080,A
188823,B
193112,A
246433,A
182410,C
325903,B
348143,B
77884,B
177382,B
138287,A
149074,C
217858,A
284495,C
186311,A
268658,A
179107,A
195030,A
255321,A
395220,A
284243,A
487037,A
135083,B
256972,B
449551,A
350681,A
287162,A
178295,A
180205,A
182073,B
368492,A
141492,B
408861,A
321936,A
153668,A
350700,A
344965,B
139380,A
109300,A
381535,A
460579,A
350299,B
478839,A
383822,A
336819,A
328845,A
142621,A
256628,B
284438,B
368442,B
163993,A
187613,B
133993,B
471066,A
368449,A
306158,B
196457,C
233660,B
348376,B
389428,B
416924,A
324394,A
419813,A
497571,A
255631,A
153563,A
239782,B
265303,B
391155,A
139623,A
391156,A
136115,B
479502,C
178141,B
187599,A
161101,A
140676,B
342979,C
441202,A
163781,A
351285,A
315088,A
383951,C
179912,A
203760,A
153651,A
194077,A
328929,B
375509,A
410611,B
469899,B
109920,A
334319,B
359393,B
143619,A
255237,A
186657,A
292290,B
224193,A
130989,C
316109,B
156529,B
307459,A
195541,A
494030,A
163938,A
149254,B
204701,B
52428,A
375057,A
192469,B
139866,B
17028,B
449266,A
210900,B
383677,D
141215,B
217833,A
297476,A
135505,B
167827,A
145774,A
371791,A
390941,A
302554,B
373486,B
446630,A
264717,A
383966,A
393853,A
499322,A
156528,B
186330,A
302569,A
483708,A
421769,
367951,B
264715,B
477042,A
126638,A
135706,A
122825,A
494197,B
183028,A
418561,B
319571,A
253574,C
122916,A
172427,A
131087,A
156788,B
177052,B
193411,A
477831,A
390279,B
193160,A
263404,A
205287,A
498956,A
376038,A
368641,A
476735,A
487481,A
349311,B
256975,B
480179,B
492172,B
53901,B
146581,B
394909,B
206123,A
192430,A
488423,C
420880,A
256732,A
124078,A
307684,A
255238,A
132248,A
469745,D
379740,A
332712,B
318488,B
293298,A
147705,A
153786,B
412956,A
184358,A
269473,A
384886,B
164123,B
190353,A
163944,B
174869,A
207802,B
382047,B
334630,C
432679,B
135478,B
380629,B
147171,B
31002,B
217753,B
287307,B
179642,A
320503,A
495791,A
416080,A
259578,A
444787,A
233730,B
373256,B
176656,A
336723,B
131560,B
390778,A
321913,A
187471,B
275903,A
465285,A
278097,C
188370,A
244539,A
264718,B
189292,A
62781,B
478066,D
210728,A
328801,C
216180,B
249977,B
139869,B
493888,A
451202,A
310201,A
335703,A
172751,A
254454,A
161120,A
155020,B
195198,C
418834,B
186419,A
330193,A
172414,B
451704,A
126444,A
445848,A
367666,B
316301,B
462056,A
135459,B
149403,A
416813,A
176636,A
327330,B
425793,B
149099,A
317046,A
205802,A
141478,B
263461,A
235434,B
396200,A
398420,B
380032,A
337563,A
189042,A
422149,C
312747,B
388614,B
381508,A
31118,B
339533,C
237697,A
469574,C
287906,A
320102,B
151601,A
138306,A
310200,C
327672,A
355255,B
168082,A
191060,A
188495,A
313739,C
338992,A
168882,B
285208,B
298739,A
112372,C
467617,A
184306,B
181426,A
291108,A
211335,B
177487,B
401782,A
302258,A
362961,B
479484,A
144118,A
323462,A
350676,B
332124,B
420005,A
473929,A
349392,A
164761,A
135659,B
501232,A
359379,B
298044,C
205776,A
165031,A
313423,A
483214,A
126656,A
138606,B
388592,A
190070,B
179963,A
300537,B
125000,A
31114,A
322426,A
244533,B
374106,B
381579,A
479796,A
243684,C
144121,A
265459,B
158382,B
494246,A
181474,A
149489,A
139089,B
261576,B
172960,A
431933,B
52988,A
205469,B
143936,C
221608,B
131455,A
202033,A
254618,B
168029,B
62259,A
385825,A
139927,B
132255,B
184870,B
318455,A
323942,A
169018,B
394113,B
132644,B
136054,A
138071,A
176993,A
371402,B
450683,A
166586,B
433922,B
265318,B
206153,A
113795,A
306896,A
187259,B
188932,A
373661,C
185177,B
283379,A
189382,A
161347,A
483712,A
157666,A
177193,A
381112,B
407619,A
181332,B
367268,B
217799,A
366475,B
315520,A
334685,C
415056,A
449522,A
175231,A
172987,A
135714,B
268215,B
149410,A
139919,B
381111,A
350723,A
149493,A
17176,B
217839,A
265464,B
466990,no score
235578,B
419049,A
286592,A
490198,A
74355,B
316231,A
328797,A
474852,A
189678,B
190484,B
202251,B
368388,A
375279,A
182332,B
170783,B
377559,A
191751,D
131960,A
168592,A
130938,B
256733,B
363749,A
167789,B
348823,D
109921,A
250722,B
466917,B
319839,B
421877,A
169244,A
500496,C
135919,A
319180,A
318261,A
261418,B
375008,A
189304,A
187642,B
373569,A
355235,B
188619,A
350771,A
421861,A
323446,A
324964,A
375051,A
384034,C
138302,A
345558,B
247831,B
479766,A
265463,B
254452,A
131445,A
172447,A
341228,B
178528,A
348970,A
450900,A
487924,B
283780,B
326772,B
313426,A
177834,A
371330,A
385782,C
265311,B
326731,A
302409,A
327553,A
179362,A
315489,B
368088,B
376791,B
287850,A
192340,A
325935,A
336335,B
266321,A
187485,A
294004,A
265306,A
138064,A
234669,A
215759,A
167212,B
360226,A
291496,B
329782,B
182069,C
353665,B
160911,A
331688,C
121396,A
306344,B
160908,B
243688,A
324532,B
367801,A
317205,A
128364,B
476580,B
382878,A
163942,B
31263,B
362721,A
135103,A
154376,A
286805,B
156739,B
189266,B
125482,A
379003,B
358344,B
493111,A
165320,A
390831,A
124507,A
384905,A
270198,B
134349,A
163997,A
467744,A
355234,C
445794,A
204955,A
315086,A
192018,A
109274,A
323981,A
389243,A
298400,A
487219,B
197672,B
135643,A
313544,B
374229,B
199733,B
313275,B
139969,B
265710,A
142119,B
137642,B
153562,B
483028,A
191980,B
135084,B
216445,B
381566,A
278106,B
321674,B
212943,A
467272,A
173265,A
263402,A
492147,B
420612,A
110058,B
122909,A
278861,B
392953,B
323193,B
288991,A
279629,A
416083,A
486471,B
325933,A
175261,A
445426,A
110975,A
123895,A
483718,A
179821,B
495233,A
398285,B
412632,B
188377,A
306343,B
316110,A
247799,B
62790,B
125075,A
256759,B
168580,A
468240,A
416294,A
449267,A
139818,A
361008,B
125970,B
482842,A
177065,B
450537,A
294133,B
466344,B
368640,B
370826,B
339896,B
142211,B
198252,B
188830,A
130575,B
253890,A
243290,A
325942,A
503815,A
468235,A
358850,A
428537,A
298454,A
315933,A
52326,B
384695,B
171988,B
166605,B
469320,A
143673,A
206084,B
197938,B
125253,A
154308,B
453909,B
324039,A
435872,A
325932,A
402596,B
109923,A
185245,A
316440,A
303991,A
254451,A
150001,C
365792,B
482998,A
465058,A
268632,B
379001,A
416778,B
133994,E
217023,C
344155,B
444806,A
174538,A
188829,B
476519,A
420839,A
260164,B
216100,B
289723,B
195841,A
483964,A
169295,A
168397,A
352864,C
110188,A
161634,C
102968,B
327790,A
132243,B
483145,A
236536,B
345557,B
219345,B
316162,B
350816,A
53188,A
165303,A
183756,A
418559,B
501898,A
328788,B
406171,A
187612,B
489336,A
173279,A
174397,A
319182,A
405293,A
128006,B
332644,A
173272,A
425830,B
264118,A
374110,A
270195,A
206692,A
465450,no score
142631,A
147737,B
173551,B
139063,B
306410,B
302197,A
135621,B
233380,A
299462,A
185684,B
142283,B
253335,A
479783,A
190058,A
500161,A
205578,C
422421,A
454911,B
442958,A
289225,A
501243,B
142682,B
124859,B
185176,B
395425,A
350684,A
210744,B
305799,B
253563,A
262905,B
196858,B
479483,A
135664,B
430943,A
327668,B
337180,A
404658,A
197263,A
172485,B
126457,A
130768,A
389092,A
144650,B
374596,B
377730,B
212944,A
320845,B
256910,B
394520,B
283782,D
278117,B
149577,B
188141,A
374840,A
31170,B
169999,A
186844,A
125507,C
217827,B
348371,A
318822,B
314418,A
177069,B
137556,A
368732,A
376157,B
383315,C
255273,B
205281,A
443282,A
310334,B
149044,B
140139,B
482565,A
225636,A
192082,B
135591,B
383954,B
166111,A
485507,A
282285,B
187565,B
475091,D
173153,A
391566,B
189329,A
394892,A
181419,A
169146,A
395219,A
375006,A
345554,B
469000,A
164308,B
306351,A
164257,A
144669,B
311714,A
188130,A
269044,A
237289,A
130510,B
219936,B
358973,A
174581,A
181397,A
461252,B
149492,A
138583,B
467078,A
331701,B
423322,A
426243,A
173777,B
143408,A
253962,B
144678,B
316285,A
305010,A
31034,B
246812,A
289019,B
152640,A
483875,A
131544,A
253948,A
371466,A
137662,B
376987,A
310839,A
420227,A
149593,A
177224,A
188432,A
282273,B
161128,B
501801,A
135090,B
363068,A
182076,B
449549,B
190100,A
428180,B
163210,A
109603,B
70947,D
293119,B
132861,B
428782,B
287644,A
446669,B
138065,A
315601,A
169151,A
394527,A
140991,B
298826,B
432970,B
348806,B
366917,A
446754,B
335645,B
451239,B
442320,A
153132,A
329522,A
431626,B
181058,B
350733,A
133469,B
335874,B
496355,A
494384,A
413436,A
337774,A
292474,C
357031,A
290130,A
234579,A
329214,B
210486,A
244069,B
217819,A
261341,A
483995,A
412955,A
203268,A
250860,A
235432,A
265474,A
416790,B
186691,A
227870,B
217796,B
391157,A
328180,A
227370,A
394755,B
350797,A
321938,A
225461,A
189046,C
489752,A
420860,B
486853,A
314882,A
294255,B
390598,B
323884,A
136140,B
357783,A
164583,A
213516,B
462420,B
224190,B
267999,A
356015,A
168637,A
348963,A
382125,A
413136,A
265132,A
161807,A
104615,B
406258,B
471037,B
481120,A
182693,A
387755,A
484141,A
297273,A
195299,A
398813,B
424051,B
494394,A
480052,A
167210,B
341281,B
447658,D
256187,B
321249,A
194219,A
210415,C
483715,A
418077,A
143212,A
428384,A
480378,A
298680,A
465043,D
368644,A
302647,B
482953,A
165361,A
16936,C
349555,A
350432,B
315159,B
140281,A
466481,A
210731,B
500093,A
364398,B
109901,A
109768,A
391158,A
169080,A
342976,B
254483,A
463112,A
120844,B
412742,A
139635,A
192053,B
315315,A
386257,C
461254,B
256898,B
482329,A
482277,A
261340,A
416796,A
405292,A
32024,A
480051,A
125194,A
256986,A
465221,B
264343,B
186401,A
296934,A
147531,B
381120,A
416328,A
449524,B
265697,A
493275,B
357977,A
370352,A
313064,A
187644,B
233386,B
131030,B
317288,B
348985,B
140147,A
310950,A
206091,A
179632,A
196691,A
217853,A
184998,A
372243,A
187789,B
254537,A
256909,B
165035,B
141438,A
210841,B
312596,B
451442,A
388598,B
263353,A
279719,B
268659,A
241173,B
234524,C
447700,A
328711,C
319721,B
451252,A
131881,A
378710,A
449497,A
253397,A
71560,B
284340,A
385838,A
307349,B
194220,A
192239,A
501253,B
447702,A
122821,A
466993,no score
325013,A
192526,A
327743,B
295936,C
499563,A
421274,A
379755,A
197400,A
265145,B
177070,B
482163,A
475682,B
217912,A
309928,A
333957,B
189053,A
425795,B
192316,A
276996,C
387315,A
322574,B
152399,A
185485,A
445428,A
234146,
126364,B
132896,B
327584,A
205924,A
328802,B
488530,B
128923,B
288255,A
422418,B
140789,A
265643,A
175260,A
139728,A
187236,B
430095,A
341516,B
287295,C
420395,A
383439,B
287160,B
135507,A
372058,A
321847,A
124435,B
244459,B
225387,A
283161,B
169207,A
179363,B
313172,B
190067,A
188240,A
325351,A
329580,B
123506,B
183357,B
99545,B
418344,A
498647,A
142332,B
302253,B
240532,A
165295,A
232915,A
310199,C
453911,B
265149,A
171449,D
385797,A
188494,A
130564,B
172978,A
330659,A
129477,A
133996,B
137604,B
256595,B
430747,B
145838,A
296492,A
400447,A
457222,A
301678,A
149419,A
318459,B
168751,B
335766,B
293658,B
173883,A
328840,A
401112,A
367126,C
178310,A
459144,A
324410,B
257592,B
37387,B
205473,A
424302,B
137909,B
432945,B
210780,B
65766,C
307685,B
173271,A
479931,A
235048,A
141437,A
265637,A
475033,A
376029,B
468600,A
294191,A
158415,B
416556,A
478423,A
139437,C
172656,A
270527,C
367267,B
465050,B
135597,A
367594,A
442359,A
406662,B
233383,A
174594,A
181201,C
116373,A
181369,B
367193,B
244482,B
321776,A
162569,A
289811,A
243764,A
311959,A
310761,B
153641,B
425820,B
364592,A
144676,B
213561,B
285081,B
466908,B
183621,A
327796,A
135630,A
138089,B
327918,B
268736,B
439885,A
195577,A
205808,A
399850,B
483898,B
389434,A
334683,A
376174,A
259187,A
339508,C
479772,A
71558,B
321914,A
135216,B
366599,A
266303,A
388131,A
126079,A
215846,A
139987,B
493359,A
129572,A
295973,A
459174,A
135614,B
177120,A
414631,B
287880,B
139831,B
244531,B
416051,A
379004,A
168080,A
187636,A
131036,B
199954,A
467806,C
122665,A
378420,A
350807,A
386075,B
487041,A
256893,B
474045,A
323246,A
418313,B
216179,A
138334,A
260211,B
172959,A
488451,B
462593,A
387404,B
134017,B
315279,B
412743,A
264900,A
225409,A
348140,B
291090,B
279590,A
170052,A
391570,A
435493,A
137792,B
51862,B
297532,A
135466,B
132931,B
313352,A
323185,A
243993,B
31014,A
475740,A
455031,A
306388,A
416147,B
335895,A
490511,B
348969,A
299736,B
501815,B
48676,A
381519,B
122912,A
149484,A
445180,A
498643,A
109895,A
195416,A
396201,A
193653,A
229936,A
255711,A
163652,B
216450,B
308317,A
173267,A
384065,A
31003,B
134515,A
350754,A
489340,A
206082,A
204242,B
371811,B
366606,A
149632,B
255174,C
406220,B
17137,A
479474,B
295465,B
377371,A
422042,A
363916,B
135449,C
178245,A
406586,C
347956,B
122815,A
144107,B
469582,A
153406,A
268211,A
462937,B
351289,B
225347,A
180090,B
485985,A
413800,A
386886,C
255152,B
316302,A
307858,A
199357,A
330489,A
175039,A
302517,B
307648,B
323240,A
265644,A
113414,B
178008,A
175234,A
376773,A
361029,A
196545,B
362401,A
46562,A
361017,B
167935,A
322665,A
247310,A
375508,A
227880,A
210518,C
393299,A
193417,B
208821,B
169196,A
469658,B
411318,B
225790,B
109601,A
503595,C
233123,A
318897,A
337570,A
173709,B
394108,B
149269,B
416548,A
330646,B
390285,A
252396,C
132814,B
192061,B
473432,A
52312,B
353626,A
476933,A
486018,A
144899,A
277697,B
236719,A
133892,B
190392,C
78341,B
385581,B
323253,A
256982,A
473422,B
444206,B
114087,B
381892,C
264713,B
388162,B
246984,A
113587,A
302549,B
143213,A
328799,C
394763,A
389970,B
440607,A
256896,B
419365,A
181497,A
263498,A
114208,B
195052,A
327747,A
460966,A
485433,A
317864,A
348804,A
179667,A
205992,B
324055,A
494247,A
163209,A
31013,B
157638,B
133902,A
323932,B
113482,B
139910,B
311564,A
168054,B
284348,A
54615,A
174959,A
282599,B
425424,A
140964,A
135662,B
286968,B
449263,A
153699,A
374076,A
345032,B
125512,B
288687,A
125729,A
425819,B
304269,A
311994,B
182080,B
189078,A
188504,B
469598,A
179691,A
322285,B
46561,B
479489,A
192494,A
189804,B
250585,C
370945,A
408866,A
124855,B
255135,B
477783,A
373824,A
179227,B
451715,B
195783,A
197309,B
102961,A
277527,B
142334,A
146076,A
404748,A
315932,A
337405,A
254962,A
113836,A
210121,A
343880,A
466048,A
185186,B
112476,B
181956,A
112679,A
449555,A
376496,A
381319,B
360972,A
173203,A
138633,B
196132,A
461612,A
269082,A
192282,A
451485,B
391164,A
126663,A
256983,A
172647,A
374080,A
192437,B
329036,A
147524,B
375382,A
175336,B
448967,C
178897,A
316441,B
219346,B
188491,B
322448,A
172494,A
465032,A
363065,A
295588,B
414891,B
146611,A
17203,B
466190,A
426283,A
124484,B
175483,A
436849,A
475086,B
252947,A
251826,B
384003,B
310828,A
175788,B
360371,A
149157,A
216434,B
285006,B
244587,B
192052,B
198579,C
194088,A
462023,B
369882,B
179486,B
53853,B
255134,A
149415,A
473411,A
394911,B
313507,A
316303,B
17105,B
123999,B
490930,B
170415,A
363865,B
212098,A
156521,B
421296,A
272325,B
466700,A
139438,B
197277,A
233132,A
374368,A
170393,B
163633,A
425120,B
412827,B
315299,A
149397,A
473430,B
383079,A
360365,B
128228,B
416063,A
479507,B
218819,B
179489,B
479763,A
448943,A
361007,B
325257,A
146296,B
348597,A
122447,A
192496,A
195051,A
395196,B
294468,C
297493,A
197286,A
